timestamp,event
2025-10-08 21:57:47,=== Starting Gold Bot Quick ===
2025-10-08 21:57:47,Starting cycle with base price = 3300.0 | MT5 mode = False
2025-10-08 21:57:47,Tick price = 3301.66
2025-10-08 21:57:48,Tick price = 3300.15
2025-10-08 21:57:49,Tick price = 3298.72
2025-10-08 21:57:50,Tick price = 3298.07
2025-10-08 21:57:51,Tick price = 3298.14
2025-10-08 21:57:52,Tick price = 3300.03
2025-10-08 21:57:53,Tick price = 3301.55
2025-10-08 21:57:54,Tick price = 3300.46
2025-10-08 21:57:55,Tick price = 3299.17
2025-10-08 21:57:56,Tick price = 3297.7
2025-10-08 21:57:57,Tick price = 3297.81
2025-10-08 21:57:58,Tick price = 3299.46
2025-10-08 21:57:59,Tick price = 3297.76
2025-10-08 21:58:00,Tick price = 3298.44
2025-10-08 21:58:01,Tick price = 3299.63
2025-10-08 21:58:02,Tick price = 3299.41
2025-10-08 21:58:03,Tick price = 3298.2
2025-10-08 21:58:04,Tick price = 3299.31
2025-10-08 21:58:05,Tick price = 3300.92
2025-10-08 21:58:06,Tick price = 3300.68
2025-10-08 21:58:07,Tick price = 3298.85
2025-10-08 21:58:08,Tick price = 3298.95
2025-10-08 21:58:09,Tick price = 3300.68
2025-10-08 21:58:10,Tick price = 3300.28
2025-10-08 21:58:11,Tick price = 3298.77
2025-10-08 21:58:12,Tick price = 3297.76
2025-10-08 21:58:13,Tick price = 3299.59
2025-10-08 21:58:14,Tick price = 3300.82
2025-10-08 21:58:15,Tick price = 3301.9
2025-10-08 21:58:16,Tick price = 3300.3
2025-10-08 21:58:17,Tick price = 3298.35
2025-10-08 21:58:18,Tick price = 3298.48
2025-10-08 21:58:19,Tick price = 3299.11
2025-10-08 21:58:20,Tick price = 3298.65
2025-10-08 21:58:21,Tick price = 3297.73
2025-10-08 21:58:22,Tick price = 3295.88
2025-10-08 21:58:23,Tick price = 3295.42
2025-10-08 21:58:24,Tick price = 3296.8
2025-10-08 21:58:25,Tick price = 3298.42
2025-10-08 21:58:26,Tick price = 3300.27
2025-10-08 21:58:27,Tick price = 3299.18
2025-10-08 21:58:28,Tick price = 3297.38
2025-10-08 21:58:29,Tick price = 3298.67
2025-10-08 21:58:30,Tick price = 3297.37
2025-10-08 21:58:31,Tick price = 3298.14
2025-10-08 21:58:32,Tick price = 3299.96
2025-10-08 21:58:33,Tick price = 3298.12
2025-10-08 21:58:34,Tick price = 3298.99
2025-10-08 21:58:35,Tick price = 3299.73
2025-10-08 21:58:36,Tick price = 3299.94
2025-10-08 21:58:37,Tick price = 3298.58
2025-10-08 21:58:38,Tick price = 3300.56
2025-10-08 21:58:39,Tick price = 3302.22
2025-10-08 21:58:40,Tick price = 3303.04
2025-10-08 21:58:41,Tick price = 3301.79
2025-10-08 21:58:42,Tick price = 3302.84
2025-10-08 21:58:43,Tick price = 3304.26
2025-10-08 21:58:44,Tick price = 3306.05
2025-10-08 21:58:45,Tick price = 3304.3
2025-10-08 21:58:46,Tick price = 3304.91
2025-10-08 21:58:47,Tick price = 3306.72
2025-10-08 21:58:48,Tick price = 3307.02
2025-10-08 21:58:49,Tick price = 3308.9
2025-10-08 21:58:50,Tick price = 3310.63
2025-10-08 21:58:51,Tick price = 3308.86
2025-10-08 21:58:52,Tick price = 3309.19
2025-10-08 21:58:53,Tick price = 3307.69
2025-10-08 21:58:54,Tick price = 3307.37
2025-10-08 21:58:55,Tick price = 3308.45
2025-10-08 21:58:56,Tick price = 3308.12
2025-10-08 21:58:57,Tick price = 3308.01
2025-10-08 21:58:58,Tick price = 3309.12
2025-10-08 21:58:59,Tick price = 3311.04
2025-10-08 21:59:00,Tick price = 3311.77
2025-10-08 21:59:01,Tick price = 3311.52
2025-10-08 21:59:02,Tick price = 3312.55
2025-10-08 21:59:03,Tick price = 3314.03
2025-10-08 21:59:12,=== Starting Gold Bot Quick ===
2025-10-08 22:00:03,=== Starting Gold Bot Quick ===
2025-10-08 22:00:17,"MT5 initialize failed: (-10005, 'IPC timeout')"
2025-10-08 22:00:17,Starting cycle with base price = 3300.0 | MT5 mode = False
2025-10-08 22:00:17,Tick price = 3300.69
2025-10-08 22:00:18,Tick price = 3302.02
2025-10-08 22:00:19,Tick price = 3302.9
2025-10-08 22:00:20,Tick price = 3304.26
2025-10-08 22:00:21,Tick price = 3305.56
2025-10-08 22:00:22,Tick price = 3304.35
2025-10-08 22:00:23,Tick price = 3305.17
2025-10-08 22:00:24,Tick price = 3306.45
2025-10-08 22:00:25,Tick price = 3305.65
2025-10-08 22:00:26,Tick price = 3304.36
2025-10-08 22:00:27,Tick price = 3304.94
2025-10-08 22:00:28,Tick price = 3305.92
2025-10-08 22:00:29,Tick price = 3305.16
2025-10-08 22:00:30,Tick price = 3305.59
2025-10-08 22:00:31,Tick price = 3305.57
2025-10-08 22:00:47,=== Starting Gold Bot Quick ===
2025-10-08 22:01:02,=== Starting Gold Bot Quick ===

.l'''
2025-10-08 22:01:53,"MT5 initialize failed: (-10005, 'IPC timeout')"
2025-10-08 22:01:53,Starting cycle with base price = 3300.0 | MT5 mode = False
2025-10-08 22:01:53,Tick price = 3298.98
2025-10-08 22:01:54,Tick price = 3297.77
2025-10-08 22:01:55,Tick price = 3295.8
2025-10-08 22:01:56,Tick price = 3297.79
2025-10-08 22:01:57,Tick price = 3298.65
2025-10-08 22:01:58,Tick price = 3299.31
2025-10-08 22:01:59,Tick price = 3300.49
2025-10-08 22:02:00,Tick price = 3301.93
2025-10-08 22:02:01,Tick price = 3303.64
2025-10-08 22:02:02,Tick price = 3301.73
2025-10-08 22:02:03,Tick price = 3300.15
2025-10-08 22:02:04,Tick price = 3299.69
2025-10-08 22:02:05,Tick price = 3301.43
2025-10-08 22:02:06,Tick price = 3301.51
2025-10-08 22:02:07,Tick price = 3301.6
2025-10-08 22:02:07,"MT5 initialize failed: (-10005, 'IPC timeout')"
2025-10-08 22:02:07,Starting cycle with base price = 3300.0 | MT5 mode = False
2025-10-08 22:02:07,Tick price = 3301.22
2025-10-08 22:02:08,Tick price = 3301.52
2025-10-08 22:02:08,Tick price = 3301.41
2025-10-08 22:02:09,Tick price = 3299.71
2025-10-08 22:02:09,Tick price = 3301.72
2025-10-08 22:02:10,Tick price = 3300.52
2025-10-08 22:02:10,Tick price = 3300.61
2025-10-08 22:02:11,Tick price = 3299.28
2025-10-08 22:02:11,Tick price = 3300.52
2025-10-08 22:02:12,Tick price = 3297.85
2025-10-08 22:02:12,Tick price = 3300.43
2025-10-08 22:02:13,Tick price = 3299.35
2025-10-08 22:02:13,Tick price = 3299.61
2025-10-08 22:02:14,Tick price = 3300.87
2025-10-08 22:02:14,Tick price = 3299.14
2025-10-08 22:02:15,Tick price = 3299.73
2025-10-08 22:02:15,Tick price = 3299.53
2025-10-08 22:02:16,Tick price = 3300.54
2025-10-08 22:02:16,Tick price = 3301.33
2025-10-08 22:02:17,Tick price = 3300.32
2025-10-08 22:02:17,Tick price = 3302.9
2025-10-08 22:02:18,Tick price = 3299.38
2025-10-08 22:02:18,Tick price = 3302.2
2025-10-08 22:02:19,Tick price = 3301.05
2025-10-08 22:02:19,Tick price = 3301.95
2025-10-08 22:02:20,Tick price = 3300.35
2025-10-08 22:02:20,Tick price = 3302.5
2025-10-08 22:02:21,Tick price = 3300.08
2025-10-08 22:02:21,Tick price = 3301.79
2025-10-08 22:02:22,Tick price = 3298.27
2025-10-08 22:02:22,Tick price = 3300.52
2025-10-08 22:02:23,Tick price = 3299.05
2025-10-08 22:02:23,Tick price = 3300.59
2025-10-08 22:02:24,Tick price = 3297.93
2025-10-08 22:02:24,Tick price = 3302.31
2025-10-08 22:02:25,Tick price = 3296.01
2025-10-08 22:02:25,Tick price = 3304.14
2025-10-08 22:02:26,Tick price = 3294.25
2025-10-08 22:02:26,Tick price = 3304.96
2025-10-08 22:02:27,Tick price = 3294.32
2025-10-08 22:02:27,Tick price = 3305.17
2025-10-08 22:02:28,Tick price = 3295.83
2025-10-08 22:02:28,Tick price = 3306.06
2025-10-08 22:02:29,Tick price = 3294.95
2025-10-08 22:02:29,Tick price = 3307.23
2025-10-08 22:02:30,Tick price = 3293.28
2025-10-08 22:02:30,Tick price = 3306.35
2025-10-08 22:02:31,Tick price = 3292.56
2025-10-08 22:02:31,Tick price = 3305.76
2025-10-08 22:02:32,Tick price = 3292.16
2025-10-08 22:02:32,Tick price = 3307.57
2025-10-08 22:02:33,Tick price = 3291.04
2025-10-08 22:02:33,Tick price = 3307.81
2025-10-08 22:02:34,Tick price = 3289.54
2025-10-08 22:02:34,Tick price = 3306.95
2025-10-08 22:02:35,Tick price = 3291.1
2025-10-08 22:02:35,Tick price = 3308.92
2025-10-08 22:02:36,Tick price = 3290.31
2025-10-08 22:02:36,Tick price = 3310.28
2025-10-08 22:02:37,Tick price = 3289.65
2025-10-08 22:02:37,Tick price = 3308.99
2025-10-08 22:02:38,Tick price = 3290.77
2025-10-08 22:02:38,Tick price = 3308.22
2025-10-08 22:02:39,Tick price = 3291.71
2025-10-08 22:02:39,Tick price = 3308.87
2025-10-08 22:02:40,Tick price = 3293.42
2025-10-08 22:02:40,Tick price = 3307.04
2025-10-08 22:02:41,Tick price = 3294.83
2025-10-08 22:02:41,Tick price = 3308.23
2025-10-08 22:02:42,Tick price = 3293.36
2025-10-08 22:02:42,Tick price = 3309.02
2025-10-08 22:02:43,Tick price = 3293.93
2025-10-08 22:02:43,Tick price = 3310.93
2025-10-08 22:02:44,Tick price = 3295.62
2025-10-08 22:02:44,Tick price = 3312.32
2025-10-08 22:02:45,Tick price = 3296.35
2025-10-08 22:02:45,Tick price = 3310.93
2025-10-08 22:02:46,Tick price = 3294.74
2025-10-08 22:02:46,Tick price = 3311.52
2025-10-08 22:02:47,Tick price = 3293.68
2025-10-08 22:02:47,Tick price = 3313.19
2025-10-08 22:02:48,Tick price = 3292.41
2025-10-08 22:02:48,Tick price = 3315.02
2025-10-08 22:02:49,Tick price = 3292.03
2025-10-08 22:02:49,Tick price = 3315.26
2025-10-08 22:02:50,Tick price = 3290.13
2025-10-08 22:02:50,Tick price = 3315.36
2025-10-08 22:02:51,Tick price = 3290.54
2025-10-08 22:02:51,Tick price = 3316.49
2025-10-08 22:02:52,Tick price = 3290.93
2025-10-08 22:02:52,Tick price = 3314.72
2025-10-08 22:02:53,Tick price = 3289.19
2025-10-08 22:02:53,Tick price = 3313.64
2025-10-08 22:02:54,Tick price = 3288.63
2025-10-08 22:02:54,Tick price = 3315.11
2025-10-08 22:02:55,Tick price = 3289.1
2025-10-08 22:02:55,Tick price = 3316.62
2025-10-08 22:02:56,Tick price = 3289.15
2025-10-08 22:02:56,Tick price = 3316.64
2025-10-08 22:02:57,Tick price = 3288.96
2025-10-08 22:02:57,Tick price = 3315.89
2025-10-08 22:02:58,Tick price = 3288.87
2025-10-08 22:02:58,Tick price = 3317.86
2025-10-08 22:02:59,Tick price = 3289.78
2025-10-08 22:02:59,Tick price = 3319.72
2025-10-08 22:03:00,Tick price = 3288.52
2025-10-08 22:03:00,Tick price = 3321.21
2025-10-08 22:03:01,Tick price = 3286.81
2025-10-08 22:03:01,Tick price = 3321.1
2025-10-08 22:03:02,Tick price = 3286.14
2025-10-08 22:03:02,Tick price = 3319.77
2025-10-08 22:03:03,Tick price = 3285.97
2025-10-08 22:03:03,Tick price = 3321.72
2025-10-08 22:03:04,Tick price = 3286.73
2025-10-08 22:03:04,Tick price = 3321.41
2025-10-08 22:03:05,Tick price = 3284.81
2025-10-08 22:03:05,Tick price = 3321.43
2025-10-08 22:03:06,Tick price = 3283.53
2025-10-08 22:03:06,Tick price = 3321.45
2025-10-08 22:03:07,Tick price = 3283.29
2025-10-08 22:03:07,Tick price = 3321.58
2025-10-08 22:03:08,Tick price = 3283.15
2025-10-08 22:03:08,Tick price = 3319.67
2025-10-08 22:03:09,Tick price = 3283.3
2025-10-08 22:03:09,Tick price = 3318.8
2025-10-08 22:03:10,Tick price = 3284.43
2025-10-08 22:03:10,Tick price = 3316.88
2025-10-08 22:03:11,Tick price = 3283.11
2025-10-08 22:03:11,Tick price = 3318.05
2025-10-08 22:03:12,Tick price = 3281.33
2025-10-08 22:03:12,Tick price = 3316.44
2025-10-08 22:03:13,Tick price = 3283.2
2025-10-08 22:03:13,Tick price = 3318.34
2025-10-08 22:03:14,Tick price = 3281.29
2025-10-08 22:03:14,Tick price = 3316.45
2025-10-08 22:03:15,Tick price = 3280.08
2025-10-08 22:03:15,Tick price = 3317.78
2025-10-08 22:03:16,Tick price = 3280.32
2025-10-08 22:03:16,Tick price = 3317.11
2025-10-08 22:03:17,Tick price = 3281.22
2025-10-08 22:03:17,Tick price = 3317.14
2025-10-08 22:03:18,Tick price = 3279.76
2025-10-08 22:03:18,Tick price = 3316.2
2025-10-08 22:03:19,Tick price = 3280.71
2025-10-08 22:03:19,Tick price = 3315.46
2025-10-08 22:03:20,Tick price = 3280.06
2025-10-08 22:03:20,Tick price = 3316.84
2025-10-08 22:03:21,Tick price = 3280.36
2025-10-08 22:03:21,Tick price = 3316.76
2025-10-08 22:03:22,Tick price = 3280.27
2025-10-08 22:03:22,Tick price = 3316.82
2025-10-08 22:03:23,Tick price = 3282.07
2025-10-08 22:03:23,Tick price = 3316.13
2025-10-08 22:03:24,Tick price = 3281.53
2025-10-08 22:03:24,Tick price = 3317.02
2025-10-08 22:03:25,Tick price = 3279.72
2025-10-08 22:03:25,Tick price = 3317.4
2025-10-08 22:03:26,Tick price = 3278.92
2025-10-08 22:03:26,Tick price = 3317.12
2025-10-08 22:03:27,Tick price = 3277.03
2025-10-08 22:03:27,Tick price = 3318.04
2025-10-08 22:03:28,Tick price = 3275.72
2025-10-08 22:03:28,Tick price = 3319.48
2025-10-08 22:03:29,Tick price = 3275.07
2025-10-08 22:03:29,Tick price = 3318.54
2025-10-08 22:03:30,Tick price = 3273.14
2025-10-08 22:03:30,Tick price = 3320.33
2025-10-08 22:03:31,Tick price = 3274.51
2025-10-08 22:03:31,Tick price = 3320.88
2025-10-08 22:03:32,Tick price = 3276.03
2025-10-08 22:03:32,Tick price = 3320.08
2025-10-08 22:03:33,Tick price = 3274.55
2025-10-08 22:03:33,Tick price = 3321.75
2025-10-08 22:03:34,Tick price = 3272.55
2025-10-08 22:03:34,Tick price = 3319.99
2025-10-08 22:03:35,Tick price = 3272.77
2025-10-08 22:03:35,Tick price = 3319.74
2025-10-08 22:03:36,Tick price = 3273.07
2025-10-08 22:03:36,Tick price = 3320.1
2025-10-08 22:03:37,Tick price = 3274.02
2025-10-08 22:03:37,Tick price = 3321.97
2025-10-08 22:03:38,Tick price = 3274.79
2025-10-08 22:03:38,Tick price = 3322.49
2025-10-08 22:03:39,Tick price = 3276.23
2025-10-08 22:03:39,Tick price = 3322.48
2025-10-08 22:03:40,Tick price = 3276.87
2025-10-08 22:03:40,Tick price = 3320.54
2025-10-08 22:03:41,Tick price = 3277.98
2025-10-08 22:03:41,Tick price = 3320.72
2025-10-08 22:03:42,Tick price = 3277.16
2025-10-08 22:03:42,Tick price = 3319.23
2025-10-08 22:03:43,Tick price = 3278.66
2025-10-08 22:03:43,Tick price = 3317.54
2025-10-08 22:03:44,Tick price = 3277.12
2025-10-08 22:03:44,Tick price = 3319.42
2025-10-08 22:03:45,Tick price = 3275.39
2025-10-08 22:03:45,Tick price = 3319.21
2025-10-08 22:03:46,Tick price = 3274.9
2025-10-08 22:03:46,Tick price = 3317.6
2025-10-08 22:03:47,Tick price = 3275.87
2025-10-08 22:03:48,Tick price = 3277.72
2025-10-08 22:03:49,Tick price = 3275.83
2025-10-08 22:03:50,Tick price = 3276.36
2025-10-08 22:03:51,Tick price = 3277.89
2025-10-08 22:03:52,Tick price = 3278.32
2025-10-08 22:03:53,Tick price = 3279.88
2025-10-08 22:03:54,Tick price = 3278.86
2025-10-08 22:03:55,Tick price = 3277.57
2025-10-08 22:03:56,Tick price = 3278.35
2025-10-08 22:03:57,Tick price = 3278.78
2025-10-08 22:03:58,Tick price = 3277.5
2025-10-08 22:03:59,Tick price = 3276.4
2025-10-08 22:04:00,Tick price = 3275.98
2025-10-08 22:04:01,Tick price = 3274.27
2025-10-08 22:04:02,Tick price = 3274.75
2025-10-08 22:04:03,Tick price = 3275.93
2025-10-08 22:04:04,Tick price = 3276.82
2025-10-08 22:04:05,Tick price = 3278.61
2025-10-08 22:04:06,Tick price = 3279.75
2025-10-08 22:04:07,Tick price = 3279.98
2025-10-08 22:04:08,Tick price = 3280.31
2025-10-08 22:04:09,Tick price = 3281.55
2025-10-08 22:04:10,Tick price = 3281.0
2025-10-08 22:04:11,Tick price = 3280.48
2025-10-08 22:04:12,Tick price = 3281.03
2025-10-08 22:04:13,Tick price = 3279.95
2025-10-08 22:04:14,Tick price = 3278.8
2025-10-08 22:04:15,Tick price = 3280.36
2025-10-08 22:04:16,Tick price = 3280.67
2025-10-08 22:04:17,Tick price = 3279.78
2025-10-08 22:04:18,Tick price = 3281.22
2025-10-08 22:04:19,Tick price = 3281.19
2025-10-08 22:04:20,Tick price = 3282.05
2025-10-08 22:04:21,Tick price = 3283.18
2025-10-08 22:04:22,Tick price = 3282.91
2025-10-08 22:04:23,Tick price = 3283.92
2025-10-08 22:04:28,=== Starting Gold Bot Quick ===
2025-10-08 22:05:34,"MT5 initialize failed: (-10005, 'IPC timeout')"
2025-10-08 22:05:34,Starting cycle with base price = 3300.0 | MT5 mode = False
2025-10-08 22:05:34,Tick price = 3299.13
2025-10-08 22:05:35,Tick price = 3301.11
2025-10-08 22:05:36,Tick price = 3302.14
2025-10-08 22:05:37,Tick price = 3300.26
2025-10-08 22:05:38,Tick price = 3298.58
2025-10-08 22:05:39,Tick price = 3297.77
2025-10-08 22:05:40,Tick price = 3299.25
2025-10-08 22:05:41,Tick price = 3299.26
2025-10-08 22:05:42,Tick price = 3300.55
2025-10-08 22:05:43,Tick price = 3299.53
2025-10-08 22:05:44,Tick price = 3301.45
2025-10-08 22:05:45,Tick price = 3299.87
2025-10-08 22:05:46,Tick price = 3298.45
2025-10-08 22:05:47,Tick price = 3300.13
2025-10-08 22:05:48,Tick price = 3302.05
2025-10-08 22:05:49,Tick price = 3303.29
2025-10-08 22:05:50,Tick price = 3303.4
2025-10-08 22:05:51,Tick price = 3302.09
2025-10-08 22:05:52,Tick price = 3303.5
2025-10-08 22:05:53,Tick price = 3302.46
2025-10-08 22:05:54,Tick price = 3303.4
2025-10-08 22:05:55,Tick price = 3301.57
2025-10-08 22:05:56,Tick price = 3302.61
2025-10-08 22:05:57,Tick price = 3303.84
2025-10-08 22:05:58,Tick price = 3302.12
2025-10-08 22:05:59,Tick price = 3304.12
2025-10-08 22:06:00,Tick price = 3304.55
2025-10-08 22:06:01,Tick price = 3303.42
2025-10-08 22:06:02,Tick price = 3304.47
2025-10-08 22:06:03,Tick price = 3302.89
2025-10-08 22:06:04,Tick price = 3303.41
2025-10-08 22:06:05,Tick price = 3302.83
2025-10-08 22:06:06,Tick price = 3301.96
2025-10-08 22:06:07,Tick price = 3301.45
2025-10-08 22:06:08,Tick price = 3300.51
2025-10-08 22:06:09,Tick price = 3299.74
2025-10-08 22:06:10,Tick price = 3299.47
2025-10-08 22:06:11,Tick price = 3297.48
2025-10-08 22:06:12,Tick price = 3296.44
2025-10-08 22:06:13,Tick price = 3298.2
2025-10-08 22:06:14,Tick price = 3298.06
2025-10-08 22:06:15,Tick price = 3299.54
2025-10-08 22:06:16,Tick price = 3299.3
2025-10-08 22:06:17,Tick price = 3299.44
2025-10-08 22:06:18,Tick price = 3299.61
2025-10-08 22:06:19,Tick price = 3297.76
2025-10-08 22:06:20,Tick price = 3295.93
2025-10-08 22:06:21,Tick price = 3293.96
2025-10-08 22:06:22,Tick price = 3292.4
2025-10-08 22:06:23,Tick price = 3293.42
2025-10-08 22:06:24,Tick price = 3293.82
2025-10-08 22:06:25,Tick price = 3295.63
2025-10-08 22:06:26,Tick price = 3294.06
2025-10-08 22:06:27,Tick price = 3292.21
2025-10-08 22:06:28,Tick price = 3292.08
2025-10-08 22:06:29,Tick price = 3292.1
2025-10-08 22:06:30,Tick price = 3291.92
2025-10-08 22:06:31,Tick price = 3292.08
2025-10-08 22:06:32,Tick price = 3291.29
2025-10-08 22:06:33,Tick price = 3292.39
2025-10-08 22:06:34,Tick price = 3292.34
2025-10-08 22:06:35,Tick price = 3292.69
2025-10-08 22:06:36,Tick price = 3293.52
2025-10-08 22:06:37,Tick price = 3293.37
2025-10-08 22:06:38,Tick price = 3295.03
2025-10-08 22:06:39,Tick price = 3293.94
2025-10-08 22:06:40,Tick price = 3294.5
2025-10-08 22:06:41,Tick price = 3295.32
2025-10-08 22:06:42,Tick price = 3296.79
2025-10-08 22:06:43,Tick price = 3298.52
2025-10-08 22:06:44,Tick price = 3298.58
2025-10-08 22:06:45,Tick price = 3300.39
2025-10-08 22:06:46,Tick price = 3300.59
2025-10-08 22:06:47,Tick price = 3299.82
2025-10-08 22:06:48,Tick price = 3301.25
2025-10-08 22:06:49,Tick price = 3299.95
2025-10-08 22:06:50,Tick price = 3300.58
2025-10-08 22:06:51,Tick price = 3299.82
2025-10-08 22:06:52,Tick price = 3298.09
2025-10-08 22:06:53,Tick price = 3297.95
2025-10-08 22:06:54,Tick price = 3299.94
2025-10-08 22:06:55,Tick price = 3301.24
2025-10-08 22:06:56,Tick price = 3303.0
2025-10-08 22:06:57,Tick price = 3304.02
2025-10-08 22:06:58,Tick price = 3304.37
2025-10-08 22:06:59,Tick price = 3305.31
2025-10-08 22:07:00,Tick price = 3307.19
2025-10-08 22:07:01,Tick price = 3307.63
2025-10-08 22:07:02,Tick price = 3307.06
2025-10-08 22:07:03,Tick price = 3306.23
2025-10-08 22:07:04,Tick price = 3305.4
2025-10-08 22:07:05,Tick price = 3304.17
2025-10-08 22:07:06,Tick price = 3304.32
2025-10-08 22:07:07,Tick price = 3303.51
2025-10-08 22:07:08,Tick price = 3302.03
2025-10-08 22:07:09,Tick price = 3300.5
2025-10-08 22:07:10,Tick price = 3298.7
2025-10-08 22:07:11,Tick price = 3297.31
2025-10-08 22:07:12,Tick price = 3296.1
2025-10-08 22:07:13,Tick price = 3295.1
2025-10-08 22:07:14,Tick price = 3295.02
2025-10-08 22:07:15,Tick price = 3293.49
2025-10-08 22:07:16,Tick price = 3294.65
2025-10-08 22:07:17,Tick price = 3294.93
2025-10-08 22:07:18,Tick price = 3294.33
2025-10-08 22:07:19,Tick price = 3295.03
2025-10-08 22:07:20,Tick price = 3293.3
2025-10-08 22:07:21,Tick price = 3293.12
2025-10-08 22:07:22,Tick price = 3293.83
2025-10-08 22:07:23,Tick price = 3293.72
2025-10-08 22:07:24,Tick price = 3295.37
2025-10-08 22:07:25,Tick price = 3296.37
2025-10-08 22:07:26,Tick price = 3294.59
2025-10-08 22:07:27,Tick price = 3294.84
2025-10-08 22:07:28,Tick price = 3295.24
2025-10-08 22:07:29,Tick price = 3297.19
2025-10-08 22:07:30,Tick price = 3295.76
2025-10-08 22:07:31,Tick price = 3297.42
2025-10-08 22:07:32,Tick price = 3297.47
2025-10-08 22:07:33,Tick price = 3296.31
2025-10-08 22:07:34,Tick price = 3295.19
2025-10-08 22:07:35,Tick price = 3293.25
2025-10-08 22:07:36,Tick price = 3291.87
2025-10-08 22:07:37,Tick price = 3291.5
2025-10-08 22:07:38,Tick price = 3291.91
2025-10-08 22:07:39,Tick price = 3293.23
2025-10-08 22:07:40,Tick price = 3292.08
2025-10-08 22:07:41,Tick price = 3290.56
2025-10-08 22:07:42,Tick price = 3291.43
2025-10-08 22:07:43,Tick price = 3289.68
2025-10-08 22:07:44,Tick price = 3289.56
2025-10-08 22:07:45,Tick price = 3290.63
2025-10-08 22:07:46,Tick price = 3291.42
2025-10-08 22:07:47,Tick price = 3289.79
2025-10-08 22:07:48,Tick price = 3289.09
2025-10-08 22:07:49,Tick price = 3289.95
2025-10-08 22:07:50,Tick price = 3288.04
2025-10-08 22:07:51,Tick price = 3286.36
2025-10-08 22:07:52,Tick price = 3286.03
2025-10-08 22:07:53,Tick price = 3285.81
2025-10-08 22:07:54,Tick price = 3283.99
2025-10-08 22:07:55,Tick price = 3284.87
2025-10-08 22:07:56,Tick price = 3286.4
2025-10-08 22:07:57,Tick price = 3286.0
2025-10-08 22:07:58,Tick price = 3285.51
2025-10-08 22:07:59,Tick price = 3286.4
2025-10-08 22:08:00,Tick price = 3285.59
2025-10-08 22:08:01,Tick price = 3284.71
2025-10-08 22:08:02,Tick price = 3284.23
2025-10-08 22:08:03,Tick price = 3286.03
2025-10-08 22:08:04,Tick price = 3284.4
2025-10-08 22:08:05,Tick price = 3284.93
2025-10-08 22:08:06,Tick price = 3284.47
2025-10-08 22:08:07,Tick price = 3285.14
2025-10-08 22:08:08,Tick price = 3285.72
2025-10-08 22:08:09,Tick price = 3287.38
2025-10-08 22:08:10,Tick price = 3285.89
2025-10-08 22:08:11,Tick price = 3286.44
2025-10-08 22:08:12,Tick price = 3286.06
2025-10-08 22:08:13,Tick price = 3284.89
2025-10-08 22:08:14,Tick price = 3285.23
2025-10-08 22:08:15,Tick price = 3285.69
2025-10-08 22:08:16,Tick price = 3287.03
2025-10-08 22:08:17,Tick price = 3287.68
2025-10-08 22:08:18,Tick price = 3289.14
2025-10-08 22:08:19,Tick price = 3288.92
2025-10-08 22:08:20,Tick price = 3287.49
2025-10-08 22:08:21,Tick price = 3289.24
2025-10-08 22:08:22,Tick price = 3288.48
2025-10-08 22:08:23,Tick price = 3289.19
2025-10-08 22:08:24,Tick price = 3290.11
2025-10-08 22:08:25,Tick price = 3289.77
2025-10-08 22:08:26,Tick price = 3291.64
2025-10-08 22:08:27,Tick price = 3292.05
2025-10-08 22:08:28,Tick price = 3292.33
2025-10-08 22:08:29,Tick price = 3292.42
2025-10-08 22:08:30,Tick price = 3294.41
2025-10-08 22:08:31,Tick price = 3293.06
2025-10-08 22:08:32,Tick price = 3292.77
2025-10-08 22:08:33,Tick price = 3291.58
2025-10-08 22:08:34,Tick price = 3291.89
2025-10-08 22:08:35,Tick price = 3290.62
2025-10-08 22:08:36,Tick price = 3290.83
2025-10-08 22:08:37,Tick price = 3289.19
2025-10-08 22:08:38,Tick price = 3287.59
2025-10-08 22:08:39,Tick price = 3287.01
2025-10-08 22:08:40,Tick price = 3286.98
2025-10-08 22:08:41,Tick price = 3288.74
2025-10-08 22:08:42,Tick price = 3290.2
2025-10-08 22:08:43,Tick price = 3289.9
2025-10-08 22:08:44,Tick price = 3291.58
2025-10-08 22:08:45,Tick price = 3291.14
2025-10-08 22:08:46,Tick price = 3291.3
2025-10-08 22:08:47,Tick price = 3291.8
2025-10-08 22:08:48,Tick price = 3290.42
2025-10-08 22:08:49,Tick price = 3289.29
2025-10-08 22:08:50,Tick price = 3290.38
2025-10-08 22:08:51,Tick price = 3291.03
2025-10-08 22:08:52,Tick price = 3289.64
2025-10-08 22:08:53,Tick price = 3291.08
2025-10-08 22:08:54,Tick price = 3292.53
2025-10-08 22:08:55,Tick price = 3293.39
2025-10-08 22:08:56,Tick price = 3292.3
2025-10-08 22:08:57,Tick price = 3291.62
2025-10-08 22:08:58,Tick price = 3293.45
2025-10-08 22:08:59,Tick price = 3293.49
2025-10-08 22:09:00,Tick price = 3291.58
2025-10-08 22:09:01,Tick price = 3290.9
2025-10-08 22:09:02,Tick price = 3289.49
2025-10-08 22:09:03,Tick price = 3289.87
2025-10-08 22:09:04,Tick price = 3289.74
2025-10-08 22:09:05,Tick price = 3290.59
2025-10-08 22:09:06,Tick price = 3289.69
2025-10-08 22:09:07,Tick price = 3288.98
2025-10-08 22:09:08,Tick price = 3288.21
2025-10-08 22:09:09,Tick price = 3288.56
2025-10-08 22:09:10,Tick price = 3287.35
2025-10-08 22:09:11,Tick price = 3287.89
2025-10-08 22:09:12,Tick price = 3286.39
2025-10-08 22:09:13,Tick price = 3288.22
2025-10-08 22:09:14,Tick price = 3289.55
2025-10-08 22:09:15,Tick price = 3289.76
2025-10-08 22:09:16,Tick price = 3287.76
2025-10-08 22:09:17,Tick price = 3288.24
2025-10-08 22:09:18,Tick price = 3289.8
2025-10-08 22:09:19,Tick price = 3291.58
2025-10-08 22:09:20,Tick price = 3289.76
2025-10-08 22:09:21,Tick price = 3290.75
2025-10-08 22:09:22,Tick price = 3289.91
2025-10-08 22:09:23,Tick price = 3291.43
2025-10-08 22:09:24,Tick price = 3289.78
2025-10-08 22:09:25,Tick price = 3289.28
2025-10-08 22:09:26,Tick price = 3287.97
2025-10-08 22:09:27,Tick price = 3288.16
2025-10-08 22:09:28,Tick price = 3289.84
2025-10-08 22:09:29,Tick price = 3290.09
2025-10-08 22:09:30,Tick price = 3291.8
2025-10-08 22:09:31,Tick price = 3290.89
2025-10-08 22:09:32,Tick price = 3289.22
2025-10-08 22:09:33,Tick price = 3288.09
2025-10-08 22:09:34,Tick price = 3288.67
2025-10-08 22:09:35,Tick price = 3290.45
2025-10-08 22:09:36,Tick price = 3289.2
2025-10-08 22:09:37,Tick price = 3289.79
2025-10-08 22:09:38,Tick price = 3291.54
2025-10-08 22:09:39,Tick price = 3290.73
2025-10-08 22:09:40,Tick price = 3291.07
2025-10-08 22:09:41,Tick price = 3289.96
2025-10-08 22:09:42,Tick price = 3291.66
2025-10-08 22:09:43,Tick price = 3290.2
2025-10-08 22:09:44,Tick price = 3288.48
2025-10-08 22:09:45,Tick price = 3288.06
2025-10-08 22:09:46,Tick price = 3288.26
2025-10-08 22:09:47,Tick price = 3287.33
2025-10-08 22:09:48,Tick price = 3285.46
2025-10-08 22:09:49,Tick price = 3285.27
2025-10-08 22:09:50,Tick price = 3286.59
2025-10-08 22:09:51,Tick price = 3286.72
2025-10-08 22:09:52,Tick price = 3285.44
2025-10-08 22:09:53,Tick price = 3287.18
2025-10-08 22:09:54,Tick price = 3287.14
2025-10-08 22:09:55,Tick price = 3287.82
2025-10-08 22:09:56,Tick price = 3286.01
2025-10-08 22:09:57,Tick price = 3287.26
2025-10-08 22:09:58,Tick price = 3287.49
2025-10-08 22:09:59,Tick price = 3286.84
2025-10-08 22:10:00,Tick price = 3288.59
2025-10-08 22:10:01,Tick price = 3287.1
2025-10-08 22:10:02,Tick price = 3287.5
2025-10-08 22:10:03,Tick price = 3287.79
2025-10-08 22:10:04,Tick price = 3288.46
2025-10-08 22:10:05,Tick price = 3289.61
2025-10-08 22:10:06,Tick price = 3289.05
2025-10-08 22:10:07,Tick price = 3288.36
2025-10-08 22:10:08,Tick price = 3289.7
2025-10-08 22:10:09,Tick price = 3289.2
2025-10-08 22:10:10,Tick price = 3288.52
2025-10-08 22:10:11,Tick price = 3288.62
2025-10-08 22:10:12,Tick price = 3287.55
2025-10-08 22:10:13,Tick price = 3288.98
2025-10-08 22:10:14,Tick price = 3290.62
2025-10-08 22:10:15,Tick price = 3291.89
2025-10-08 22:10:16,Tick price = 3292.46
2025-10-08 22:10:17,Tick price = 3293.09
2025-10-08 22:10:18,Tick price = 3293.2
2025-10-08 22:10:19,Tick price = 3292.75
2025-10-08 22:10:20,Tick price = 3293.92
2025-10-08 22:10:21,Tick price = 3295.34
2025-10-08 22:10:22,Tick price = 3295.63
2025-10-08 22:10:23,Tick price = 3296.45
2025-10-08 22:10:24,Tick price = 3295.4
2025-10-08 22:10:25,Tick price = 3294.53
2025-10-08 22:10:26,Tick price = 3295.54
2025-10-08 22:10:27,Tick price = 3293.84
2025-10-08 22:10:28,Tick price = 3293.55
2025-10-08 22:10:29,Tick price = 3295.32
2025-10-08 22:10:30,Tick price = 3296.6
2025-10-08 22:10:31,Tick price = 3295.92
2025-10-08 22:10:32,Tick price = 3295.83
2025-10-08 22:10:33,Tick price = 3297.51
2025-10-08 22:10:34,Tick price = 3298.49
2025-10-08 22:10:35,Tick price = 3297.99
2025-10-08 22:10:36,Tick price = 3297.65
2025-10-08 22:10:37,Tick price = 3295.84
2025-10-08 22:10:38,Tick price = 3297.79
2025-10-08 22:10:39,Tick price = 3298.52
2025-10-08 22:10:40,Tick price = 3300.06
2025-10-08 22:10:41,Tick price = 3299.9
2025-10-08 22:10:42,Tick price = 3301.32
2025-10-08 22:10:43,Tick price = 3301.39
2025-10-08 22:10:44,Tick price = 3300.06
2025-10-08 22:10:45,Tick price = 3299.13
2025-10-08 22:10:46,Tick price = 3299.82
2025-10-08 22:10:47,Tick price = 3298.89
2025-10-08 22:10:48,Tick price = 3298.83
2025-10-08 22:10:49,Tick price = 3298.21
2025-10-08 22:10:50,Tick price = 3297.17
2025-10-08 22:10:51,Tick price = 3295.67
2025-10-08 22:10:52,Tick price = 3295.21
2025-10-08 22:10:53,Tick price = 3296.99
2025-10-08 22:10:54,Tick price = 3296.21
2025-10-08 22:10:55,Tick price = 3298.04
2025-10-08 22:10:56,Tick price = 3297.7
2025-10-08 22:10:57,Tick price = 3298.76
2025-10-08 22:10:58,Tick price = 3299.28
2025-10-08 22:10:59,Tick price = 3298.91
2025-10-08 22:11:00,Tick price = 3297.32
2025-10-08 22:11:01,Tick price = 3297.83
2025-10-08 22:11:02,Tick price = 3297.13
2025-10-08 22:11:03,Tick price = 3297.82
2025-10-08 22:11:04,Tick price = 3297.7
2025-10-08 22:11:05,Tick price = 3297.04
2025-10-08 22:11:06,Tick price = 3295.85
2025-10-08 22:11:07,Tick price = 3294.39
2025-10-08 22:11:08,Tick price = 3296.27
2025-10-08 22:11:09,Tick price = 3295.26
2025-10-08 22:11:10,Tick price = 3294.79
2025-10-08 22:11:11,Tick price = 3293.27
2025-10-08 22:11:12,Tick price = 3292.76
2025-10-08 22:11:13,Tick price = 3290.94
2025-10-08 22:11:14,Tick price = 3289.85
2025-10-08 22:11:15,Tick price = 3289.26
2025-10-08 22:11:16,Tick price = 3289.85
2025-10-08 22:11:17,Tick price = 3289.57
2025-10-08 22:11:18,Tick price = 3288.98
2025-10-08 22:11:19,Tick price = 3288.68
2025-10-08 22:11:20,Tick price = 3289.67
2025-10-08 22:11:21,Tick price = 3291.36
2025-10-08 22:11:22,Tick price = 3292.37
2025-10-08 22:11:23,Tick price = 3294.09
2025-10-08 22:11:24,Tick price = 3295.46
2025-10-08 22:11:25,Tick price = 3295.9
2025-10-08 22:11:26,Tick price = 3297.86
2025-10-08 22:11:27,Tick price = 3295.94
2025-10-08 22:11:28,Tick price = 3294.45
2025-10-08 22:11:29,Tick price = 3295.59
2025-10-08 22:11:30,Tick price = 3297.11
2025-10-08 22:11:31,Tick price = 3298.77
2025-10-08 22:11:32,Tick price = 3298.91
2025-10-08 22:11:33,Tick price = 3299.73
2025-10-08 22:11:34,Tick price = 3300.9
2025-10-08 22:11:35,Tick price = 3299.81
2025-10-08 22:11:36,Tick price = 3298.49
2025-10-08 22:11:37,Tick price = 3297.46
2025-10-08 22:11:38,Tick price = 3299.25
2025-10-08 22:11:39,Tick price = 3299.87
2025-10-08 22:11:40,Tick price = 3298.78
2025-10-08 22:11:41,Tick price = 3297.11
2025-10-08 22:11:42,Tick price = 3296.87
2025-10-08 22:11:43,Tick price = 3297.72
2025-10-08 22:11:44,Tick price = 3297.89
2025-10-08 22:11:45,Tick price = 3296.38
2025-10-08 22:11:46,Tick price = 3297.87
2025-10-08 22:11:47,Tick price = 3297.61
2025-10-08 22:11:48,Tick price = 3295.89
2025-10-08 22:11:49,Tick price = 3296.98
2025-10-08 22:11:50,Tick price = 3295.25
2025-10-08 22:11:51,Tick price = 3294.82
2025-10-08 22:11:52,Tick price = 3293.52
2025-10-08 22:11:53,Tick price = 3294.35
2025-10-08 22:11:54,Tick price = 3295.89
2025-10-08 22:11:55,Tick price = 3297.82
2025-10-08 22:11:56,Tick price = 3296.37
2025-10-08 22:11:57,Tick price = 3297.79
2025-10-08 22:11:58,Tick price = 3296.21
2025-10-08 22:11:59,Tick price = 3297.33
2025-10-08 22:12:00,Tick price = 3297.52
2025-10-08 22:12:01,Tick price = 3296.87
2025-10-08 22:12:02,Tick price = 3298.54
2025-10-08 22:12:03,Tick price = 3297.52
2025-10-08 22:12:04,Tick price = 3296.19
2025-10-08 22:12:05,Tick price = 3294.27
2025-10-08 22:12:06,Tick price = 3293.04
2025-10-08 22:12:07,Tick price = 3292.62
2025-10-08 22:12:08,Tick price = 3291.96
2025-10-08 22:12:09,Tick price = 3291.69
2025-10-08 22:12:10,Tick price = 3290.33
2025-10-08 22:12:11,Tick price = 3291.78
2025-10-08 22:12:12,Tick price = 3290.51
2025-10-08 22:12:13,Tick price = 3288.88
2025-10-08 22:12:14,Tick price = 3288.54
2025-10-08 22:12:16,Tick price = 3288.48
2025-10-08 22:12:17,Tick price = 3288.78
2025-10-08 22:12:18,Tick price = 3289.92
2025-10-08 22:12:19,Tick price = 3289.17
2025-10-08 22:12:20,Tick price = 3287.18
2025-10-08 22:12:21,Tick price = 3286.66
2025-10-08 22:12:22,Tick price = 3287.05
2025-10-08 22:12:23,Tick price = 3285.11
2025-10-08 22:12:24,Tick price = 3283.96
2025-10-08 22:12:25,Tick price = 3282.33
2025-10-08 22:12:26,Tick price = 3280.67
2025-10-08 22:12:27,Tick price = 3280.66
2025-10-08 22:12:28,Tick price = 3278.89
2025-10-08 22:12:29,Tick price = 3277.23
2025-10-08 22:12:30,Tick price = 3276.11
2025-10-08 22:12:31,Tick price = 3277.12
2025-10-08 22:12:32,Tick price = 3278.95
2025-10-08 22:12:33,Tick price = 3279.82
2025-10-08 22:12:34,Tick price = 3279.24
2025-10-08 22:12:35,Tick price = 3279.89
2025-10-08 22:12:36,Tick price = 3278.23
2025-10-08 22:12:37,Tick price = 3277.02
2025-10-08 22:12:38,Tick price = 3278.25
2025-10-08 22:12:39,Tick price = 3278.41
2025-10-08 22:12:40,Tick price = 3278.27
2025-10-08 22:12:41,Tick price = 3279.43
2025-10-08 22:12:42,Tick price = 3279.79
2025-10-08 22:12:43,Tick price = 3278.57
2025-10-08 22:12:44,Tick price = 3276.75
2025-10-08 22:12:45,Tick price = 3277.96
2025-10-08 22:12:46,Tick price = 3279.12
2025-10-08 22:12:47,Tick price = 3279.95
2025-10-08 22:12:48,Tick price = 3279.0
2025-10-08 22:12:49,Tick price = 3277.59
2025-10-08 22:12:50,Tick price = 3278.36
2025-10-08 22:12:51,Tick price = 3279.59
2025-10-08 22:12:52,Tick price = 3280.06
2025-10-08 22:12:53,Tick price = 3280.38
2025-10-08 22:12:54,Tick price = 3281.29
2025-10-08 22:12:55,Tick price = 3279.49
2025-10-08 22:12:56,Tick price = 3278.72
2025-10-08 22:12:57,Tick price = 3280.07
2025-10-08 22:12:58,Tick price = 3278.38
2025-10-08 22:12:59,Tick price = 3278.39
2025-10-08 22:13:00,Tick price = 3280.25
2025-10-08 22:13:01,Tick price = 3280.92
2025-10-08 22:13:02,Tick price = 3281.49
2025-10-08 22:13:03,Tick price = 3281.54
2025-10-08 22:13:04,Tick price = 3281.58
2025-10-08 22:13:05,Tick price = 3282.87
2025-10-08 22:13:06,Tick price = 3281.25
2025-10-08 22:13:07,Tick price = 3281.32
2025-10-08 22:13:08,Tick price = 3280.37
2025-10-08 22:13:09,Tick price = 3281.56
2025-10-08 22:13:10,Tick price = 3282.84
2025-10-08 22:13:11,Tick price = 3283.85
2025-10-08 22:13:12,Tick price = 3283.44
2025-10-08 22:13:13,Tick price = 3283.61
2025-10-08 22:13:14,Tick price = 3282.0
2025-10-08 22:13:15,Tick price = 3282.9
2025-10-08 22:13:16,Tick price = 3281.51
2025-10-08 22:13:17,Tick price = 3279.64
2025-10-08 22:13:18,Tick price = 3280.76
2025-10-08 22:13:19,Tick price = 3280.4
2025-10-08 22:13:20,Tick price = 3279.74
2025-10-08 22:13:21,Tick price = 3278.61
2025-10-08 22:13:22,Tick price = 3278.36
2025-10-08 22:13:23,Tick price = 3279.75
2025-10-08 22:13:24,Tick price = 3278.78
2025-10-08 22:13:25,Tick price = 3279.19
2025-10-08 22:13:26,Tick price = 3278.99
2025-10-08 22:13:27,Tick price = 3278.69
2025-10-08 22:13:28,Tick price = 3278.15
2025-10-08 22:13:29,Tick price = 3277.53
2025-10-08 22:13:30,Tick price = 3278.87
2025-10-08 22:13:31,Tick price = 3278.6
2025-10-08 22:13:32,Tick price = 3279.21
2025-10-08 22:13:33,Tick price = 3280.67
2025-10-08 22:13:34,Tick price = 3280.54
2025-10-08 22:13:35,Tick price = 3278.99
2025-10-08 22:13:36,Tick price = 3279.6
2025-10-08 22:13:37,Tick price = 3279.17
2025-10-08 22:13:38,Tick price = 3277.53
2025-10-08 22:13:39,Tick price = 3278.23
2025-10-08 22:13:40,Tick price = 3277.0
2025-10-08 22:13:41,Tick price = 3276.43
2025-10-08 22:13:42,Tick price = 3275.81
2025-10-08 22:13:43,Tick price = 3277.76
2025-10-08 22:13:44,Tick price = 3276.38
2025-10-08 22:13:45,Tick price = 3274.6
2025-10-08 22:13:46,Tick price = 3275.9
2025-10-08 22:13:47,Tick price = 3277.84
2025-10-08 22:13:48,Tick price = 3277.37
2025-10-08 22:13:49,Tick price = 3278.56
2025-10-08 22:13:50,Tick price = 3277.39
2025-10-08 22:13:51,Tick price = 3278.9
2025-10-08 22:13:52,Tick price = 3277.65
2025-10-08 22:13:53,Tick price = 3278.29
2025-10-08 22:13:54,Tick price = 3278.65
2025-10-08 22:13:55,Tick price = 3277.46
2025-10-08 22:13:56,Tick price = 3278.0
2025-10-08 22:13:57,Tick price = 3279.2
2025-10-08 22:13:58,Tick price = 3279.86
2025-10-08 22:13:59,Tick price = 3280.2
2025-10-08 22:14:00,Tick price = 3279.85
2025-10-08 22:14:01,Tick price = 3278.85
2025-10-08 22:14:02,Tick price = 3278.54
2025-10-08 22:14:03,Tick price = 3277.53
2025-10-08 22:14:04,Tick price = 3277.35
2025-10-08 22:14:05,Tick price = 3276.33
2025-10-08 22:14:06,Tick price = 3276.21
2025-10-08 22:14:07,Tick price = 3276.42
2025-10-08 22:14:08,Tick price = 3275.73
2025-10-08 22:14:09,Tick price = 3274.25
2025-10-08 22:14:10,Tick price = 3273.33
2025-10-08 22:14:11,Tick price = 3274.9
2025-10-08 22:14:12,Tick price = 3274.39
2025-10-08 22:14:13,Tick price = 3273.45
2025-10-08 22:14:14,Tick price = 3273.84
2025-10-08 22:14:15,Tick price = 3271.85
2025-10-08 22:14:16,Tick price = 3273.41
2025-10-08 22:14:17,Tick price = 3272.72
2025-10-08 22:14:18,Tick price = 3270.83
2025-10-08 22:14:19,Tick price = 3272.31
2025-10-08 22:14:20,Tick price = 3271.55
2025-10-08 22:14:21,Tick price = 3269.89
2025-10-08 22:14:22,Tick price = 3268.77
2025-10-08 22:14:23,Tick price = 3267.52
2025-10-08 22:14:24,Tick price = 3269.02
2025-10-08 22:14:25,Tick price = 3268.54
2025-10-08 22:14:26,Tick price = 3267.57
2025-10-08 22:14:27,Tick price = 3269.05
2025-10-08 22:14:28,Tick price = 3270.4
2025-10-08 22:14:29,Tick price = 3268.74
2025-10-08 22:14:30,Tick price = 3270.43
2025-10-08 22:14:31,Tick price = 3269.18
2025-10-08 22:14:32,Tick price = 3268.53
2025-10-08 22:14:33,Tick price = 3267.62
2025-10-08 22:14:34,Tick price = 3266.0
2025-10-08 22:14:35,Tick price = 3267.18
2025-10-08 22:14:36,Tick price = 3267.86
2025-10-08 22:14:37,Tick price = 3268.45
2025-10-08 22:14:38,Tick price = 3267.78
2025-10-08 22:14:39,Tick price = 3266.14
2025-10-08 22:14:40,Tick price = 3267.25
2025-10-08 22:14:41,Tick price = 3268.12
2025-10-08 22:14:42,Tick price = 3268.25
2025-10-08 22:14:43,Tick price = 3270.12
2025-10-08 22:14:44,Tick price = 3268.76
2025-10-08 22:14:45,Tick price = 3269.98
2025-10-08 22:14:46,Tick price = 3271.41
2025-10-08 22:14:47,Tick price = 3273.28
2025-10-08 22:14:48,Tick price = 3273.16
2025-10-08 22:14:49,Tick price = 3274.16
2025-10-08 22:14:50,Tick price = 3274.97
2025-10-08 22:14:51,Tick price = 3273.39
2025-10-08 22:14:52,Tick price = 3272.16
2025-10-08 22:14:53,Tick price = 3271.06
2025-10-08 22:14:54,Tick price = 3269.07
2025-10-08 22:14:55,Tick price = 3269.17
2025-10-08 22:14:56,Tick price = 3269.92
2025-10-08 22:14:57,Tick price = 3269.71
2025-10-08 22:14:58,Tick price = 3270.24
2025-10-08 22:14:59,Tick price = 3272.23
2025-10-08 22:15:00,Tick price = 3271.11
2025-10-08 22:15:01,Tick price = 3271.8
2025-10-08 22:15:02,Tick price = 3273.52
2025-10-08 22:15:03,Tick price = 3274.22
2025-10-08 22:15:04,Tick price = 3273.91
2025-10-08 22:15:05,Tick price = 3275.42
2025-10-08 22:15:06,Tick price = 3274.53
2025-10-08 22:15:07,Tick price = 3273.64
2025-10-08 22:15:08,Tick price = 3274.63
2025-10-08 22:15:09,Tick price = 3273.93
2025-10-08 22:15:10,Tick price = 3273.19
2025-10-08 22:15:11,Tick price = 3273.71
2025-10-08 22:15:12,Tick price = 3273.92
2025-10-08 22:15:13,Tick price = 3274.29
2025-10-08 22:15:14,Tick price = 3275.54
2025-10-08 22:15:15,Tick price = 3274.72
2025-10-08 22:15:16,Tick price = 3273.31
2025-10-08 22:15:17,Tick price = 3272.85
2025-10-08 22:15:18,Tick price = 3272.56
2025-10-08 22:15:19,Tick price = 3273.69
2025-10-08 22:15:20,Tick price = 3272.95
2025-10-08 22:15:21,Tick price = 3274.42
2025-10-08 22:15:22,Tick price = 3274.33
2025-10-08 22:15:23,Tick price = 3275.1
2025-10-08 22:15:24,Tick price = 3274.52
2025-10-08 22:15:25,Tick price = 3275.58
2025-10-08 22:15:26,Tick price = 3276.89
2025-10-08 22:15:27,Tick price = 3276.74
2025-10-08 22:15:28,Tick price = 3275.33
2025-10-08 22:15:29,Tick price = 3274.47
2025-10-08 22:15:30,Tick price = 3275.96
2025-10-08 22:15:31,Tick price = 3274.14
2025-10-08 22:15:32,Tick price = 3276.13
2025-10-08 22:15:33,Tick price = 3277.65
2025-10-08 22:15:34,Tick price = 3278.3
2025-10-08 22:15:35,Tick price = 3278.92
2025-10-08 22:15:36,Tick price = 3280.91
2025-10-08 22:15:37,Tick price = 3279.13
2025-10-08 22:15:38,Tick price = 3278.62
2025-10-08 22:15:39,Tick price = 3276.78
2025-10-08 22:15:40,Tick price = 3278.54
2025-10-08 22:15:41,Tick price = 3277.57
2025-10-08 22:15:42,Tick price = 3275.77
2025-10-08 22:15:43,Tick price = 3276.44
2025-10-08 22:15:44,Tick price = 3275.73
2025-10-08 22:15:45,Tick price = 3277.26
2025-10-08 22:15:46,Tick price = 3277.77
2025-10-08 22:15:47,Tick price = 3277.6
2025-10-08 22:15:48,Tick price = 3278.91
2025-10-08 22:15:49,Tick price = 3279.28
2025-10-08 22:15:50,Tick price = 3278.92
2025-10-08 22:15:51,Tick price = 3280.5
2025-10-08 22:15:52,Tick price = 3282.3
2025-10-08 22:15:53,Tick price = 3280.66
2025-10-08 22:15:54,Tick price = 3278.69
2025-10-08 22:15:55,Tick price = 3278.29
2025-10-08 22:15:56,Tick price = 3278.58
2025-10-08 22:15:57,Tick price = 3279.01
2025-10-08 22:15:58,Tick price = 3279.99
2025-10-08 22:15:59,Tick price = 3279.46
2025-10-08 22:16:00,Tick price = 3278.17
2025-10-08 22:16:01,Tick price = 3278.61
2025-10-08 22:16:02,Tick price = 3279.11
2025-10-08 22:16:03,Tick price = 3280.39
2025-10-08 22:16:04,Tick price = 3281.31
2025-10-08 22:16:05,Tick price = 3282.16
2025-10-08 22:16:06,Tick price = 3282.22
2025-10-08 22:16:07,Tick price = 3281.81
2025-10-08 22:16:08,Tick price = 3281.18
2025-10-08 22:16:09,Tick price = 3282.57
2025-10-08 22:16:10,Tick price = 3282.26
2025-10-08 22:16:11,Tick price = 3284.2
2025-10-08 22:16:12,Tick price = 3282.73
2025-10-08 22:16:13,Tick price = 3281.21
2025-10-08 22:16:14,Tick price = 3282.52
2025-10-08 22:16:15,Tick price = 3282.74
2025-10-08 22:16:16,Tick price = 3284.66
2025-10-08 22:16:17,Tick price = 3285.2
2025-10-08 22:16:18,Tick price = 3286.1
2025-10-08 22:16:19,Tick price = 3284.67
2025-10-08 22:16:20,Tick price = 3284.37
2025-10-08 22:16:21,Tick price = 3284.96
2025-10-08 22:16:22,Tick price = 3285.31
2025-10-08 22:16:23,Tick price = 3284.51
2025-10-08 22:16:24,Tick price = 3283.66
2025-10-08 22:16:25,Tick price = 3283.82
2025-10-08 22:16:26,Tick price = 3284.33
2025-10-08 22:16:27,Tick price = 3285.86
2025-10-08 22:16:28,Tick price = 3286.57
2025-10-08 22:16:29,Tick price = 3285.77
2025-10-08 22:16:30,Tick price = 3287.39
2025-10-08 22:16:31,Tick price = 3288.95
2025-10-08 22:16:32,Tick price = 3289.68
2025-10-08 22:16:33,Tick price = 3290.56
2025-10-08 22:16:34,Tick price = 3289.01
2025-10-08 22:16:35,Tick price = 3287.57
2025-10-08 22:16:36,Tick price = 3288.23
2025-10-08 22:16:37,Tick price = 3290.19
2025-10-08 22:16:38,Tick price = 3290.18
2025-10-08 22:16:39,Tick price = 3290.82
2025-10-08 22:16:40,Tick price = 3291.4
2025-10-08 22:16:41,Tick price = 3290.6
2025-10-08 22:16:42,Tick price = 3292.59
2025-10-08 22:16:43,Tick price = 3292.17
2025-10-08 22:16:44,Tick price = 3292.98
2025-10-08 22:16:45,Tick price = 3294.58
2025-10-08 22:16:46,Tick price = 3294.27
2025-10-08 22:16:47,Tick price = 3293.85
2025-10-08 22:16:48,Tick price = 3292.28
2025-10-08 22:16:49,Tick price = 3291.89
2025-10-08 22:16:50,Tick price = 3291.36
2025-10-08 22:16:51,Tick price = 3293.21
2025-10-08 22:16:52,Tick price = 3294.15
2025-10-08 22:16:53,Tick price = 3292.76
2025-10-08 22:16:54,Tick price = 3292.37
2025-10-08 22:16:55,Tick price = 3290.74
2025-10-08 22:16:56,Tick price = 3291.2
2025-10-08 22:16:57,Tick price = 3292.42
2025-10-08 22:16:58,Tick price = 3291.95
2025-10-08 22:16:59,Tick price = 3293.28
2025-10-08 22:17:00,Tick price = 3291.46
2025-10-08 22:17:01,Tick price = 3292.09
2025-10-08 22:17:02,Tick price = 3294.08
2025-10-08 22:17:03,Tick price = 3295.6
2025-10-08 22:17:04,Tick price = 3294.62
2025-10-08 22:17:05,Tick price = 3295.07
2025-10-08 22:17:06,Tick price = 3296.21
2025-10-08 22:17:07,Tick price = 3297.34
2025-10-08 22:17:08,Tick price = 3297.41
2025-10-08 22:17:09,Tick price = 3298.62
2025-10-08 22:17:10,Tick price = 3297.81
2025-10-08 22:17:11,Tick price = 3298.33
2025-10-08 22:17:12,Tick price = 3299.57
2025-10-08 22:17:13,Tick price = 3298.33
2025-10-08 22:17:14,Tick price = 3297.26
2025-10-08 22:17:15,Tick price = 3295.87
2025-10-08 22:17:16,Tick price = 3295.31
2025-10-08 22:17:17,Tick price = 3296.55
2025-10-08 22:17:18,Tick price = 3295.19
2025-10-08 22:17:19,Tick price = 3295.52
2025-10-08 22:17:20,Tick price = 3294.41
2025-10-08 22:17:21,Tick price = 3295.83
2025-10-08 22:17:22,Tick price = 3294.31
2025-10-08 22:17:23,Tick price = 3294.78
2025-10-08 22:17:24,Tick price = 3294.75
2025-10-08 22:17:25,Tick price = 3295.96
2025-10-08 22:17:26,Tick price = 3295.41
2025-10-08 22:17:27,Tick price = 3293.66
2025-10-08 22:17:28,Tick price = 3294.12
2025-10-08 22:17:29,Tick price = 3294.26
2025-10-08 22:17:30,Tick price = 3293.5
2025-10-08 22:17:31,Tick price = 3293.61
2025-10-08 22:17:32,Tick price = 3291.75
2025-10-08 22:17:33,Tick price = 3291.99
2025-10-08 22:17:34,Tick price = 3292.12
2025-10-08 22:17:35,Tick price = 3293.62
2025-10-08 22:17:36,Tick price = 3292.52
2025-10-08 22:17:37,Tick price = 3290.71
2025-10-08 22:17:38,Tick price = 3289.19
2025-10-08 22:17:39,Tick price = 3290.43
2025-10-08 22:17:40,Tick price = 3291.62
2025-10-08 22:17:41,Tick price = 3291.87
2025-10-08 22:17:42,Tick price = 3289.88
2025-10-08 22:17:43,Tick price = 3291.37
2025-10-08 22:17:44,Tick price = 3290.45
2025-10-08 22:17:45,Tick price = 3290.97
2025-10-08 22:17:46,Tick price = 3292.96
2025-10-08 22:17:47,Tick price = 3292.06
2025-10-08 22:17:48,Tick price = 3291.86
2025-10-08 22:17:49,Tick price = 3293.14
2025-10-08 22:17:50,Tick price = 3292.77
2025-10-08 22:17:51,Tick price = 3294.04
2025-10-08 22:17:52,Tick price = 3292.67
2025-10-08 22:17:53,Tick price = 3291.25
2025-10-08 22:17:54,Tick price = 3290.28
2025-10-08 22:17:55,Tick price = 3288.93
2025-10-08 22:17:56,Tick price = 3288.31
2025-10-08 22:17:57,Tick price = 3290.17
2025-10-08 22:17:58,Tick price = 3291.23
2025-10-08 22:17:59,Tick price = 3292.83
2025-10-08 22:18:00,Tick price = 3292.28
2025-10-08 22:18:01,Tick price = 3291.98
2025-10-08 22:18:02,Tick price = 3290.18
2025-10-08 22:18:03,Tick price = 3288.92
2025-10-08 22:18:04,Tick price = 3289.9
2025-10-08 22:18:05,Tick price = 3290.25
2025-10-08 22:18:06,Tick price = 3288.79
2025-10-08 22:18:07,Tick price = 3290.26
2025-10-08 22:18:08,Tick price = 3289.11
2025-10-08 22:18:09,Tick price = 3288.24
2025-10-08 22:18:10,Tick price = 3290.12
2025-10-08 22:18:11,Tick price = 3288.91
2025-10-08 22:18:12,Tick price = 3287.88
2025-10-08 22:18:13,Tick price = 3288.09
2025-10-08 22:18:14,Tick price = 3287.56
2025-10-08 22:18:15,Tick price = 3285.79
2025-10-08 22:18:16,Tick price = 3284.88
2025-10-08 22:18:17,Tick price = 3284.58
2025-10-08 22:18:18,Tick price = 3285.82
2025-10-08 22:18:19,Tick price = 3284.86
2025-10-08 22:18:20,Tick price = 3284.46
2025-10-08 22:18:21,Tick price = 3284.76
2025-10-08 22:18:22,Tick price = 3282.79
2025-10-08 22:18:23,Tick price = 3284.05
2025-10-08 22:18:24,Tick price = 3283.8
2025-10-08 22:18:25,Tick price = 3283.39
2025-10-08 22:18:26,Tick price = 3282.65
2025-10-08 22:18:27,Tick price = 3281.11
2025-10-08 22:18:28,Tick price = 3279.22
2025-10-08 22:18:29,Tick price = 3277.57
2025-10-08 22:18:30,Tick price = 3275.69
2025-10-08 22:18:31,Tick price = 3274.49
2025-10-08 22:18:32,Tick price = 3273.82
2025-10-08 22:18:33,Tick price = 3272.05
2025-10-08 22:18:34,Tick price = 3271.75
2025-10-08 22:18:35,Tick price = 3271.49
2025-10-08 22:18:36,Tick price = 3270.6
2025-10-08 22:18:37,Tick price = 3270.16
2025-10-08 22:18:38,Tick price = 3268.76
2025-10-08 22:18:39,Tick price = 3268.35
2025-10-08 22:18:40,Tick price = 3268.04
2025-10-08 22:18:41,Tick price = 3267.93
2025-10-08 22:18:42,Tick price = 3269.71
2025-10-08 22:18:43,Tick price = 3270.94
2025-10-08 22:18:44,Tick price = 3271.44
2025-10-08 22:18:45,Tick price = 3273.42
2025-10-08 22:18:46,Tick price = 3273.21
2025-10-08 22:18:47,Tick price = 3271.51
2025-10-08 22:18:48,Tick price = 3271.88
2025-10-08 22:18:49,Tick price = 3271.99
2025-10-08 22:18:50,Tick price = 3272.71
2025-10-08 22:18:51,Tick price = 3274.57
2025-10-08 22:18:52,Tick price = 3274.04
2025-10-08 22:18:53,Tick price = 3274.6
2025-10-08 22:18:54,Tick price = 3274.04
2025-10-08 22:18:55,Tick price = 3273.6
2025-10-08 22:18:56,Tick price = 3272.26
2025-10-08 22:18:57,Tick price = 3273.31
2025-10-08 22:18:58,Tick price = 3272.8
2025-10-08 22:18:59,Tick price = 3274.25
2025-10-08 22:19:00,Tick price = 3273.96
2025-10-08 22:19:01,Tick price = 3273.07
2025-10-08 22:19:02,Tick price = 3274.8
2025-10-08 22:19:03,Tick price = 3276.51
2025-10-08 22:19:04,Tick price = 3277.66
2025-10-08 22:19:05,Tick price = 3277.07
2025-10-08 22:19:06,Tick price = 3278.58
2025-10-08 22:19:07,Tick price = 3279.32
2025-10-08 22:19:08,Tick price = 3280.17
2025-10-08 22:19:09,Tick price = 3279.0
2025-10-08 22:19:10,Tick price = 3280.91
2025-10-08 22:19:11,Tick price = 3281.15
2025-10-08 22:19:12,Tick price = 3279.46
2025-10-08 22:19:13,Tick price = 3278.44
2025-10-08 22:19:14,Tick price = 3280.04
2025-10-08 22:19:15,Tick price = 3278.87
2025-10-08 22:19:16,Tick price = 3280.06
2025-10-08 22:19:17,Tick price = 3279.72
2025-10-08 22:19:18,Tick price = 3277.95
2025-10-08 22:19:19,Tick price = 3276.48
2025-10-08 22:19:20,Tick price = 3277.05
2025-10-08 22:19:21,Tick price = 3276.62
2025-10-08 22:19:22,Tick price = 3277.74
2025-10-08 22:19:23,Tick price = 3277.71
2025-10-08 22:19:24,Tick price = 3276.57
2025-10-08 22:19:25,Tick price = 3275.0
2025-10-08 22:19:26,Tick price = 3273.0
2025-10-08 22:19:27,Tick price = 3272.38
2025-10-08 22:19:28,Tick price = 3273.56
2025-10-08 22:19:29,Tick price = 3274.28
2025-10-08 22:19:30,Tick price = 3275.79
2025-10-08 22:19:31,Tick price = 3276.31
2025-10-08 22:19:32,Tick price = 3275.71
2025-10-08 22:19:33,Tick price = 3275.13
2025-10-08 22:19:34,Tick price = 3273.44
2025-10-08 22:19:35,Tick price = 3274.45
2025-10-08 22:19:36,Tick price = 3274.33
2025-10-08 22:19:37,Tick price = 3272.95
2025-10-08 22:19:38,Tick price = 3274.61
2025-10-08 22:19:39,Tick price = 3273.33
2025-10-08 22:19:40,Tick price = 3273.66
2025-10-08 22:19:41,Tick price = 3274.66
2025-10-08 22:19:42,Tick price = 3275.4
2025-10-08 22:19:43,Tick price = 3274.86
2025-10-08 22:19:44,Tick price = 3275.77
2025-10-08 22:19:45,Tick price = 3277.11
2025-10-08 22:19:46,Tick price = 3275.11
2025-10-08 22:19:47,Tick price = 3275.14
2025-10-08 22:19:48,Tick price = 3276.16
2025-10-08 22:19:49,Tick price = 3276.75
2025-10-08 22:19:50,Tick price = 3275.87
2025-10-08 22:19:51,Tick price = 3277.09
2025-10-08 22:19:52,Tick price = 3275.46
2025-10-08 22:19:53,Tick price = 3273.66
2025-10-08 22:19:54,Tick price = 3275.53
2025-10-08 22:19:55,Tick price = 3276.44
2025-10-08 22:19:56,Tick price = 3275.61
2025-10-08 22:19:57,Tick price = 3275.82
2025-10-08 22:19:58,Tick price = 3273.86
2025-10-08 22:19:59,Tick price = 3275.36
2025-10-08 22:20:00,Tick price = 3274.08
2025-10-08 22:20:01,Tick price = 3272.66
2025-10-08 22:20:02,Tick price = 3270.66
2025-10-08 22:20:03,Tick price = 3269.07
2025-10-08 22:20:04,Tick price = 3267.13
2025-10-08 22:20:05,Tick price = 3266.1
2025-10-08 22:20:06,Tick price = 3266.24
2025-10-08 22:20:07,Tick price = 3264.5
2025-10-08 22:20:08,Tick price = 3263.26
2025-10-08 22:20:09,Tick price = 3263.61
2025-10-08 22:20:10,Tick price = 3264.66
2025-10-08 22:20:11,Tick price = 3266.16
2025-10-08 22:20:12,Tick price = 3267.05
2025-10-08 22:20:13,Tick price = 3268.31
2025-10-08 22:22:32,Tick price = 3268.81
2025-10-08 22:22:33,Tick price = 3270.51
2025-10-08 22:22:34,Tick price = 3270.76
2025-10-08 22:22:35,Tick price = 3270.63
2025-10-08 22:22:36,Tick price = 3269.93
2025-10-08 22:22:37,Tick price = 3270.99
2025-10-08 22:22:38,Tick price = 3272.03
2025-10-08 22:22:39,Tick price = 3270.5
2025-10-08 22:22:40,Tick price = 3271.1
2025-10-08 22:22:41,Tick price = 3271.44
2025-10-08 22:22:42,Tick price = 3271.2
2025-10-08 22:22:43,Tick price = 3273.17
2025-10-08 22:22:44,Tick price = 3272.75
2025-10-08 22:22:45,Tick price = 3271.23
2025-10-08 22:22:46,Tick price = 3272.3
2025-10-08 22:22:47,Tick price = 3272.94
2025-10-08 22:22:48,Tick price = 3272.37
2025-10-08 22:22:49,Tick price = 3271.77
2025-10-08 22:22:50,Tick price = 3270.07
2025-10-08 22:22:51,Tick price = 3268.32
2025-10-08 22:22:52,Tick price = 3267.36
2025-10-08 22:22:53,Tick price = 3265.4
2025-10-08 22:22:54,Tick price = 3265.21
2025-10-08 22:22:55,Tick price = 3265.33
2025-10-08 22:22:56,Tick price = 3263.89
2025-10-08 22:22:57,Tick price = 3264.47
2025-10-08 22:22:58,Tick price = 3264.86
2025-10-08 22:22:59,Tick price = 3265.26
2025-10-08 22:23:00,Tick price = 3263.96
2025-10-08 22:23:01,Tick price = 3264.34
2025-10-08 22:23:02,Tick price = 3263.84
2025-10-08 22:23:03,Tick price = 3265.22
2025-10-08 22:23:04,Tick price = 3265.54
2025-10-08 22:23:05,Tick price = 3264.14
2025-10-08 22:23:06,Tick price = 3263.82
2025-10-08 22:23:07,Tick price = 3265.68
2025-10-08 22:23:08,Tick price = 3266.28
2025-10-08 22:23:09,Tick price = 3264.46
2025-10-08 22:23:10,Tick price = 3262.95
2025-10-08 22:23:11,Tick price = 3263.98
2025-10-08 22:23:12,Tick price = 3264.67
2025-10-08 22:23:13,Tick price = 3266.56
2025-10-08 22:23:14,Tick price = 3265.28
2025-10-08 22:23:15,Tick price = 3266.6
2025-10-08 22:23:16,Tick price = 3266.16
2025-10-08 22:23:17,Tick price = 3267.27
2025-10-08 22:23:18,Tick price = 3265.52
2025-10-08 22:23:19,Tick price = 3265.59
2025-10-08 22:23:20,Tick price = 3266.82
2025-10-08 22:23:21,Tick price = 3264.89
2025-10-08 22:23:22,Tick price = 3263.59
2025-10-08 22:23:23,Tick price = 3265.45
2025-10-08 22:23:24,Tick price = 3267.36
2025-10-08 22:23:25,Tick price = 3266.4
2025-10-08 22:23:26,Tick price = 3266.3
2025-10-08 22:23:27,Tick price = 3265.75
2025-10-08 22:23:28,Tick price = 3263.8
2025-10-08 22:23:29,Tick price = 3262.08
2025-10-08 22:23:30,Tick price = 3263.75
2025-10-08 22:23:31,Tick price = 3262.14
2025-10-08 22:23:32,Tick price = 3260.75
2025-10-08 22:23:33,Tick price = 3262.69
2025-10-08 22:23:34,Tick price = 3262.89
2025-10-08 22:23:35,Tick price = 3263.6
2025-10-08 22:23:36,Tick price = 3263.52
2025-10-08 22:23:37,Tick price = 3265.52
2025-10-08 22:23:38,Tick price = 3266.48
2025-10-08 22:23:39,Tick price = 3266.88
2025-10-08 22:23:40,Tick price = 3267.78
2025-10-08 22:23:41,Tick price = 3269.51
2025-10-08 22:23:42,Tick price = 3268.32
2025-10-08 22:23:43,Tick price = 3269.04
2025-10-08 22:23:44,Tick price = 3268.41
2025-10-08 22:23:45,Tick price = 3266.63
2025-10-08 22:23:46,Tick price = 3266.49
2025-10-08 22:23:47,Tick price = 3266.03
2025-10-08 22:23:48,Tick price = 3267.39
2025-10-08 22:23:49,Tick price = 3267.59
2025-10-08 22:23:50,Tick price = 3268.95
2025-10-08 22:23:51,Tick price = 3270.3
2025-10-08 22:23:52,Tick price = 3271.38
2025-10-08 22:23:53,Tick price = 3269.61
2025-10-08 22:23:54,Tick price = 3267.61
2025-10-08 22:23:55,Tick price = 3268.15
2025-10-08 22:23:56,Tick price = 3269.81
2025-10-08 22:23:57,Tick price = 3268.59
2025-10-08 22:23:58,Tick price = 3266.94
2025-10-08 22:23:59,Tick price = 3265.79
2025-10-08 22:24:00,Tick price = 3267.12
2025-10-08 22:24:01,Tick price = 3266.02
2025-10-08 22:24:02,Tick price = 3265.3
2025-10-08 22:24:03,Tick price = 3264.19
2025-10-08 22:24:04,Tick price = 3265.16
2025-10-08 22:24:05,Tick price = 3266.68
2025-10-08 22:24:06,Tick price = 3265.96
2025-10-08 22:24:07,Tick price = 3264.88
2025-10-08 22:24:08,Tick price = 3263.56
2025-10-08 22:24:09,Tick price = 3264.77
2025-10-08 22:24:10,Tick price = 3265.55
2025-10-08 22:24:11,Tick price = 3266.7
2025-10-08 22:24:12,Tick price = 3266.01
2025-10-08 22:24:13,Tick price = 3266.33
2025-10-08 22:24:14,Tick price = 3268.26
2025-10-08 22:24:15,Tick price = 3269.63
2025-10-08 22:24:16,Tick price = 3267.66
2025-10-08 22:24:17,Tick price = 3266.84
2025-10-08 22:24:18,Tick price = 3268.37
2025-10-08 22:24:19,Tick price = 3267.13
2025-10-08 22:24:20,Tick price = 3267.64
2025-10-08 22:24:21,Tick price = 3268.87
2025-10-08 22:24:22,Tick price = 3267.77
2025-10-08 22:24:23,Tick price = 3266.7
2025-10-08 22:24:24,Tick price = 3264.88
2025-10-08 22:24:25,Tick price = 3263.09
2025-10-08 22:24:26,Tick price = 3265.07
2025-10-08 22:24:27,Tick price = 3265.38
2025-10-08 22:24:28,Tick price = 3265.24
2025-10-08 22:24:29,Tick price = 3266.15
2025-10-08 22:24:30,Tick price = 3266.34
2025-10-08 22:24:31,Tick price = 3267.15
2025-10-08 22:24:32,Tick price = 3266.82
2025-10-08 22:24:33,Tick price = 3266.01
2025-10-08 22:24:34,Tick price = 3265.62
2025-10-08 22:24:35,Tick price = 3264.92
2025-10-08 22:24:36,Tick price = 3265.87
2025-10-08 22:24:37,Tick price = 3267.84
2025-10-08 22:24:38,Tick price = 3266.02
2025-10-08 22:24:39,Tick price = 3264.14
2025-10-08 22:24:40,Tick price = 3265.19
2025-10-08 22:24:41,Tick price = 3263.7
2025-10-08 22:24:42,Tick price = 3263.83
2025-10-08 22:24:43,Tick price = 3265.18
2025-10-08 22:24:44,Tick price = 3264.15
2025-10-08 22:24:45,Tick price = 3262.85
2025-10-08 22:24:46,Tick price = 3264.2
2025-10-08 22:24:47,Tick price = 3265.07
2025-10-08 22:24:48,Tick price = 3266.81
2025-10-08 22:24:49,Tick price = 3266.91
2025-10-08 22:24:50,Tick price = 3266.9
2025-10-08 22:24:51,Tick price = 3267.73
2025-10-08 22:24:52,Tick price = 3268.97
2025-10-08 22:24:53,Tick price = 3269.11
2025-10-08 22:24:54,Tick price = 3267.45
2025-10-08 22:24:55,Tick price = 3268.05
2025-10-08 22:24:56,Tick price = 3269.77
2025-10-08 22:24:57,Tick price = 3270.85
2025-10-08 22:24:58,Tick price = 3270.18
2025-10-08 22:24:59,Tick price = 3270.52
2025-10-08 22:25:00,Tick price = 3271.74
2025-10-08 22:25:01,Tick price = 3271.6
2025-10-08 22:25:02,Tick price = 3269.9
2025-10-08 22:25:03,Tick price = 3269.81
2025-10-08 22:25:04,Tick price = 3270.83
2025-10-08 22:25:05,Tick price = 3271.3
2025-10-08 22:25:06,Tick price = 3270.73
2025-10-08 22:25:07,Tick price = 3270.12
2025-10-08 22:25:08,Tick price = 3268.22
2025-10-08 22:25:09,Tick price = 3267.22
2025-10-08 22:25:10,Tick price = 3266.16
2025-10-08 22:25:11,Tick price = 3265.3
2025-10-08 22:25:12,Tick price = 3263.73
2025-10-08 22:25:13,Tick price = 3261.91
2025-10-08 22:25:14,Tick price = 3262.19
2025-10-08 22:25:15,Tick price = 3261.24
2025-10-08 22:25:16,Tick price = 3261.69
2025-10-08 22:25:17,Tick price = 3263.29
2025-10-08 22:25:18,Tick price = 3264.23
2025-10-08 22:25:19,Tick price = 3262.39
2025-10-08 22:25:20,Tick price = 3263.59
2025-10-08 22:25:21,Tick price = 3263.93
2025-10-08 22:25:22,Tick price = 3265.3
2025-10-08 22:25:23,Tick price = 3266.82
2025-10-08 22:25:24,Tick price = 3267.1
2025-10-08 22:25:25,Tick price = 3267.54
2025-10-08 22:25:26,Tick price = 3268.3
2025-10-08 22:25:27,Tick price = 3267.58
2025-10-08 22:25:28,Tick price = 3266.29
2025-10-08 22:25:29,Tick price = 3264.98
2025-10-08 22:25:30,Tick price = 3264.89
2025-10-08 22:25:31,Tick price = 3266.8
2025-10-08 22:25:32,Tick price = 3267.56
2025-10-08 22:25:33,Tick price = 3265.98
2025-10-08 22:25:34,Tick price = 3266.62
2025-10-08 22:25:35,Tick price = 3265.94
2025-10-08 22:25:36,Tick price = 3267.02
2025-10-08 22:25:37,Tick price = 3266.11
2025-10-08 22:25:38,Tick price = 3267.27
2025-10-08 22:25:39,Tick price = 3265.85
2025-10-08 22:25:40,Tick price = 3263.92
2025-10-08 22:25:41,Tick price = 3263.4
2025-10-08 22:25:42,Tick price = 3262.26
2025-10-08 22:25:43,Tick price = 3263.64
2025-10-08 22:25:44,Tick price = 3262.54
2025-10-08 22:25:45,Tick price = 3263.2
2025-10-08 22:25:46,Tick price = 3262.11
2025-10-08 22:25:47,Tick price = 3263.49
2025-10-08 22:25:48,Tick price = 3265.34
2025-10-08 22:25:49,Tick price = 3264.07
2025-10-08 22:25:50,Tick price = 3263.26
2025-10-08 22:25:51,Tick price = 3264.55
2025-10-08 22:25:52,Tick price = 3264.54
2025-10-08 22:25:53,Tick price = 3264.95
2025-10-08 22:25:54,Tick price = 3264.45
2025-10-08 22:25:55,Tick price = 3263.34
2025-10-08 22:25:56,Tick price = 3261.46
2025-10-08 22:25:57,Tick price = 3262.71
2025-10-08 22:25:58,Tick price = 3261.23
2025-10-08 22:25:59,Tick price = 3259.93
2025-10-08 22:26:00,Tick price = 3260.64
2025-10-08 22:26:01,Tick price = 3261.97
2025-10-08 22:26:02,Tick price = 3262.14
2025-10-08 22:26:03,Tick price = 3260.4
2025-10-08 22:26:04,Tick price = 3259.5
2025-10-08 22:26:05,Tick price = 3258.64
2025-10-08 22:26:06,Tick price = 3257.16
2025-10-08 22:26:07,Tick price = 3256.16
2025-10-08 22:26:08,Tick price = 3254.85
2025-10-08 22:26:09,Tick price = 3255.33
2025-10-08 22:26:10,Tick price = 3257.06
2025-10-08 22:26:11,Tick price = 3258.65
2025-10-08 22:26:12,Tick price = 3259.08
2025-10-08 22:26:13,Tick price = 3260.81
2025-10-08 22:26:14,Tick price = 3262.08
2025-10-08 22:26:15,Tick price = 3261.44
2025-10-08 22:26:16,Tick price = 3262.5
2025-10-08 22:26:17,Tick price = 3263.25
2025-10-08 22:26:18,Tick price = 3265.07
2025-10-08 22:26:19,Tick price = 3263.86
2025-10-08 22:26:20,Tick price = 3263.54
2025-10-08 22:26:21,Tick price = 3265.01
2025-10-08 22:26:22,Tick price = 3263.14
2025-10-08 22:26:23,Tick price = 3262.74
2025-10-08 22:26:24,Tick price = 3260.88
2025-10-08 22:26:25,Tick price = 3261.8
2025-10-08 22:26:26,Tick price = 3260.16
2025-10-08 22:26:27,Tick price = 3260.19
2025-10-08 22:26:28,Tick price = 3262.08
2025-10-08 22:26:29,Tick price = 3261.83
2025-10-08 22:26:30,Tick price = 3263.31
2025-10-08 22:26:31,Tick price = 3262.33
2025-10-08 22:26:32,Tick price = 3260.75
2025-10-08 22:26:33,Tick price = 3259.16
2025-10-08 22:26:34,Tick price = 3257.22
2025-10-08 22:26:35,Tick price = 3256.38
2025-10-08 22:26:36,Tick price = 3255.76
2025-10-08 22:26:37,Tick price = 3255.56
2025-10-08 22:26:38,Tick price = 3255.02
2025-10-08 22:26:39,Tick price = 3256.26
2025-10-08 22:26:40,Tick price = 3256.52
2025-10-08 22:26:41,Tick price = 3255.36
2025-10-08 22:26:42,Tick price = 3255.09
2025-10-08 22:26:43,Tick price = 3256.27
2025-10-08 22:26:44,Tick price = 3256.02
2025-10-08 22:26:45,Tick price = 3254.42
2025-10-08 22:26:46,Tick price = 3255.65
2025-10-08 22:26:47,Tick price = 3254.22
2025-10-08 22:26:48,Tick price = 3253.33
2025-10-08 22:26:49,Tick price = 3252.89
2025-10-08 22:26:50,Tick price = 3253.99
2025-10-08 22:26:51,Tick price = 3253.5
2025-10-08 22:26:52,Tick price = 3253.41
2025-10-08 22:26:53,Tick price = 3252.92
2025-10-08 22:26:54,Tick price = 3252.05
2025-10-08 22:26:55,Tick price = 3253.51
2025-10-08 22:26:56,Tick price = 3255.29
2025-10-08 22:26:57,Tick price = 3256.35
2025-10-08 22:26:58,Tick price = 3257.91
2025-10-08 22:26:59,Tick price = 3257.86
2025-10-08 22:27:00,Tick price = 3258.04
2025-10-08 22:27:01,Tick price = 3257.5
2025-10-08 22:27:02,Tick price = 3255.75
2025-10-08 22:27:03,Tick price = 3255.23
2025-10-08 22:27:04,Tick price = 3254.04
2025-10-08 22:27:05,Tick price = 3253.34
2025-10-08 22:27:06,Tick price = 3252.42
2025-10-08 22:27:07,Tick price = 3252.77
2025-10-08 22:27:08,Tick price = 3252.76
2025-10-08 22:27:09,Tick price = 3254.18
2025-10-08 22:27:10,Tick price = 3254.3
2025-10-08 22:27:11,Tick price = 3252.66
2025-10-08 22:27:12,Tick price = 3254.03
2025-10-08 22:27:13,Tick price = 3255.21
2025-10-08 22:27:14,Tick price = 3254.99
2025-10-08 22:27:15,Tick price = 3253.11
2025-10-08 22:27:16,Tick price = 3254.44
2025-10-08 22:27:17,Tick price = 3254.38
2025-10-08 22:27:18,Tick price = 3253.21
2025-10-08 22:27:19,Tick price = 3253.35
2025-10-08 22:27:20,Tick price = 3255.18
2025-10-08 22:27:21,Tick price = 3254.3
2025-10-08 22:27:22,Tick price = 3253.81
2025-10-08 22:27:23,Tick price = 3252.41
2025-10-08 22:27:24,Tick price = 3251.1
2025-10-08 22:27:25,Tick price = 3252.04
2025-10-08 22:27:26,Tick price = 3252.55
2025-10-08 22:27:27,Tick price = 3251.59
2025-10-08 22:27:28,Tick price = 3251.93
2025-10-08 22:27:29,Tick price = 3250.04
2025-10-08 22:27:30,Tick price = 3249.49
2025-10-08 22:27:31,Tick price = 3250.76
2025-10-08 22:27:32,Tick price = 3249.75
2025-10-08 22:27:33,Tick price = 3247.76
2025-10-08 22:27:34,Tick price = 3249.54
2025-10-08 22:27:35,Tick price = 3249.47
2025-10-08 22:27:36,Tick price = 3249.55
2025-10-08 22:27:37,Tick price = 3249.39
2025-10-08 22:27:38,Tick price = 3247.75
2025-10-08 22:27:39,Tick price = 3245.91
2025-10-08 22:27:40,Tick price = 3247.7
2025-10-08 22:27:41,Tick price = 3247.27
2025-10-08 22:27:42,Tick price = 3248.15
2025-10-08 22:27:43,Tick price = 3247.58
2025-10-08 22:27:44,Tick price = 3248.86
2025-10-08 22:27:45,Tick price = 3247.04
2025-10-08 22:27:46,Tick price = 3247.36
2025-10-08 22:27:47,Tick price = 3248.01
2025-10-08 22:27:48,Tick price = 3249.22
2025-10-08 22:27:49,Tick price = 3247.95
2025-10-08 22:27:50,Tick price = 3246.77
2025-10-08 22:27:51,Tick price = 3248.07
2025-10-08 22:27:52,Tick price = 3246.32
2025-10-08 22:27:53,Tick price = 3247.97
2025-10-08 22:27:54,Tick price = 3249.3
2025-10-08 22:27:55,Tick price = 3249.4
2025-10-08 22:27:56,Tick price = 3250.48
2025-10-08 22:27:57,Tick price = 3250.81
2025-10-08 22:27:58,Tick price = 3250.65
2025-10-08 22:27:59,Tick price = 3251.41
2025-10-08 22:28:00,Tick price = 3251.25
2025-10-08 22:28:01,Tick price = 3249.69
2025-10-08 22:28:02,Tick price = 3248.0
2025-10-08 22:28:03,Tick price = 3247.34
2025-10-08 22:28:04,Tick price = 3247.88
2025-10-08 22:28:05,Tick price = 3249.23
2025-10-08 22:28:06,Tick price = 3249.43
2025-10-08 22:28:07,Tick price = 3247.69
2025-10-08 22:28:08,Tick price = 3249.27
2025-10-08 22:28:09,Tick price = 3248.8
2025-10-08 22:28:10,Tick price = 3248.04
2025-10-08 22:28:11,Tick price = 3250.0
2025-10-08 22:28:12,Tick price = 3250.43
2025-10-08 22:28:13,Tick price = 3251.75
2025-10-08 22:28:14,Tick price = 3252.11
2025-10-08 22:28:15,Tick price = 3251.98
2025-10-08 22:28:16,Tick price = 3253.26
2025-10-08 22:28:17,Tick price = 3254.21
2025-10-08 22:28:18,Tick price = 3254.11
2025-10-08 22:28:19,Tick price = 3254.73
2025-10-08 22:28:20,Tick price = 3256.31
2025-10-08 22:28:21,Tick price = 3258.15
2025-10-08 22:28:22,Tick price = 3256.4
2025-10-08 22:28:23,Tick price = 3254.64
2025-10-08 22:28:24,Tick price = 3253.48
2025-10-08 22:28:25,Tick price = 3252.52
2025-10-08 22:28:26,Tick price = 3253.69
2025-10-08 22:28:27,Tick price = 3253.95
2025-10-08 22:28:28,Tick price = 3252.85
2025-10-08 22:28:29,Tick price = 3251.94
2025-10-08 22:28:30,Tick price = 3250.9
2025-10-08 22:28:31,Tick price = 3248.97
2025-10-08 22:28:32,Tick price = 3247.62
2025-10-08 22:28:33,Tick price = 3247.7
2025-10-08 22:28:34,Tick price = 3249.57
2025-10-08 22:28:35,Tick price = 3249.64
2025-10-08 22:28:36,Tick price = 3250.16
2025-10-08 22:28:37,Tick price = 3249.28
2025-10-08 22:28:38,Tick price = 3249.29
2025-10-08 22:28:39,Tick price = 3249.87
2025-10-08 22:28:40,Tick price = 3247.92
2025-10-08 22:28:41,Tick price = 3247.62
2025-10-08 22:28:42,Tick price = 3248.92
2025-10-08 22:28:43,Tick price = 3250.37
2025-10-08 22:28:44,Tick price = 3249.89
2025-10-08 22:28:45,Tick price = 3249.33
2025-10-08 22:28:46,Tick price = 3249.8
2025-10-08 22:28:47,Tick price = 3251.6
2025-10-08 22:28:48,Tick price = 3250.34
2025-10-08 22:28:49,Tick price = 3252.28
2025-10-08 22:28:50,Tick price = 3251.35
2025-10-08 22:28:51,Tick price = 3249.78
2025-10-08 22:28:52,Tick price = 3248.72
2025-10-08 22:28:53,Tick price = 3247.43
2025-10-08 22:28:54,Tick price = 3247.55
2025-10-08 22:28:55,Tick price = 3249.2
2025-10-08 22:28:56,Tick price = 3250.12
2025-10-08 22:28:57,Tick price = 3250.12
2025-10-08 22:28:58,Tick price = 3251.0
2025-10-08 22:28:59,Tick price = 3251.05
2025-10-08 22:29:00,Tick price = 3250.74
2025-10-08 22:29:01,Tick price = 3251.2
2025-10-08 22:29:02,Tick price = 3253.09
2025-10-08 22:29:03,Tick price = 3253.88
2025-10-08 22:29:04,Tick price = 3252.66
2025-10-08 22:29:05,Tick price = 3254.15
2025-10-08 22:29:06,Tick price = 3254.72
2025-10-08 22:29:07,Tick price = 3253.79
2025-10-08 22:29:08,Tick price = 3253.69
2025-10-08 22:29:09,Tick price = 3254.53
2025-10-08 22:29:10,Tick price = 3255.9
2025-10-08 22:29:11,Tick price = 3255.2
2025-10-08 22:29:12,Tick price = 3256.35
2025-10-08 22:29:13,Tick price = 3258.27
2025-10-08 22:29:14,Tick price = 3259.59
2025-10-08 22:29:15,Tick price = 3258.48
2025-10-08 22:29:16,Tick price = 3260.23
2025-10-08 22:29:17,Tick price = 3261.18
2025-10-08 22:29:18,Tick price = 3259.86
2025-10-08 22:29:19,Tick price = 3258.79
2025-10-08 22:29:20,Tick price = 3257.42
2025-10-08 22:29:21,Tick price = 3257.75
2025-10-08 22:29:22,Tick price = 3256.33
2025-10-08 22:29:23,Tick price = 3254.88
2025-10-08 22:29:24,Tick price = 3255.76
2025-10-08 22:29:25,Tick price = 3254.94
2025-10-08 22:29:26,Tick price = 3254.2
2025-10-08 22:29:27,Tick price = 3253.98
2025-10-08 22:29:28,Tick price = 3254.49
2025-10-08 22:29:29,Tick price = 3255.31
2025-10-08 22:29:30,Tick price = 3257.2
2025-10-08 22:29:31,Tick price = 3256.93
2025-10-08 22:29:32,Tick price = 3258.17
2025-10-08 22:29:33,Tick price = 3256.49
2025-10-08 22:29:34,Tick price = 3256.16
2025-10-08 22:29:35,Tick price = 3255.21
2025-10-08 22:29:36,Tick price = 3253.91
2025-10-08 22:29:37,Tick price = 3252.23
2025-10-08 22:29:38,Tick price = 3254.18
2025-10-08 22:29:40,Tick price = 3254.55
2025-10-08 22:29:41,Tick price = 3255.8
2025-10-08 22:29:42,Tick price = 3255.2
2025-10-08 22:29:43,Tick price = 3255.01
2025-10-08 22:29:44,Tick price = 3255.77
2025-10-08 22:29:45,Tick price = 3255.76
2025-10-08 22:29:46,Tick price = 3255.72
2025-10-08 22:29:47,Tick price = 3255.08
2025-10-08 22:29:48,Tick price = 3253.13
2025-10-08 22:29:49,Tick price = 3252.06
2025-10-08 22:29:50,Tick price = 3251.13
2025-10-08 22:29:51,Tick price = 3252.55
2025-10-08 22:29:52,Tick price = 3251.13
2025-10-08 22:29:53,Tick price = 3252.88
2025-10-08 22:29:54,Tick price = 3251.68
2025-10-08 22:29:55,Tick price = 3253.01
2025-10-08 22:29:56,Tick price = 3252.69
2025-10-08 22:29:57,Tick price = 3253.58
2025-10-08 22:29:58,Tick price = 3251.75
2025-10-08 22:29:59,Tick price = 3251.81
2025-10-08 22:30:00,Tick price = 3252.77
2025-10-08 22:30:01,Tick price = 3253.47
2025-10-08 22:30:02,Tick price = 3252.93
2025-10-08 22:30:03,Tick price = 3252.27
2025-10-08 22:30:04,Tick price = 3250.99
2025-10-08 22:30:05,Tick price = 3252.61
2025-10-08 22:30:06,Tick price = 3252.62
2025-10-08 22:30:07,Tick price = 3251.48
2025-10-08 22:30:08,Tick price = 3251.32
2025-10-08 22:30:09,Tick price = 3253.23
2025-10-08 22:30:10,Tick price = 3254.72
2025-10-08 22:30:11,Tick price = 3255.77
2025-10-08 22:30:12,Tick price = 3255.51
2025-10-08 22:30:13,Tick price = 3256.37
2025-10-08 22:30:14,Tick price = 3254.51
2025-10-08 22:30:15,Tick price = 3254.24
2025-10-08 22:30:16,Tick price = 3254.21
2025-10-08 22:30:17,Tick price = 3254.3
2025-10-08 22:30:18,Tick price = 3254.22
2025-10-08 22:30:19,Tick price = 3255.71
2025-10-08 22:30:20,Tick price = 3255.45
2025-10-08 22:30:21,Tick price = 3254.52
2025-10-08 22:30:22,Tick price = 3253.18
2025-10-08 22:30:23,Tick price = 3254.99
2025-10-08 22:30:24,Tick price = 3254.99
2025-10-08 22:30:25,Tick price = 3253.25
2025-10-08 22:30:26,Tick price = 3253.08
2025-10-08 22:30:27,Tick price = 3254.2
2025-10-08 22:30:28,Tick price = 3254.66
2025-10-08 22:30:29,Tick price = 3252.93
2025-10-08 22:30:30,Tick price = 3252.5
2025-10-08 22:30:31,Tick price = 3251.81
2025-10-08 22:30:32,Tick price = 3252.83
2025-10-08 22:30:33,Tick price = 3251.96
2025-10-08 22:30:34,Tick price = 3251.08
2025-10-08 22:30:35,Tick price = 3250.33
2025-10-08 22:30:36,Tick price = 3249.84
2025-10-08 22:30:37,Tick price = 3248.85
2025-10-08 22:30:38,Tick price = 3248.89
2025-10-08 22:30:39,Tick price = 3247.37
2025-10-08 22:30:40,Tick price = 3246.75
2025-10-08 22:30:41,Tick price = 3248.46
2025-10-08 22:30:42,Tick price = 3249.72
2025-10-08 22:30:43,Tick price = 3251.43
2025-10-08 22:30:44,Tick price = 3251.31
2025-10-08 22:30:45,Tick price = 3250.48
2025-10-08 22:30:46,Tick price = 3252.21
2025-10-08 22:30:47,Tick price = 3251.35
2025-10-08 22:30:48,Tick price = 3252.86
2025-10-08 22:30:49,Tick price = 3251.7
2025-10-08 22:30:50,Tick price = 3250.85
2025-10-08 22:30:51,Tick price = 3249.84
2025-10-08 22:30:52,Tick price = 3249.49
2025-10-08 22:30:53,Tick price = 3248.1
2025-10-08 22:30:54,Tick price = 3247.45
2025-10-08 22:30:55,Tick price = 3247.89
2025-10-08 22:30:56,Tick price = 3249.64
2025-10-08 22:30:57,Tick price = 3250.42
2025-10-08 22:30:58,Tick price = 3251.46
2025-10-08 22:30:59,Tick price = 3249.89
2025-10-08 22:31:00,Tick price = 3250.55
2025-10-08 22:31:01,Tick price = 3252.55
2025-10-08 22:31:02,Tick price = 3250.66
2025-10-08 22:31:03,Tick price = 3250.6
2025-10-08 22:31:04,Tick price = 3252.57
2025-10-08 22:31:05,Tick price = 3251.06
2025-10-08 22:31:06,Tick price = 3252.29
2025-10-08 22:31:07,Tick price = 3252.01
2025-10-08 22:31:08,Tick price = 3251.08
2025-10-08 22:31:09,Tick price = 3251.53
2025-10-08 22:31:10,Tick price = 3249.57
2025-10-08 22:31:11,Tick price = 3251.26
2025-10-08 22:31:12,Tick price = 3251.64
2025-10-08 22:31:13,Tick price = 3252.64
2025-10-08 22:31:14,Tick price = 3253.0
2025-10-08 22:31:15,Tick price = 3251.47
2025-10-08 22:31:16,Tick price = 3250.05
2025-10-08 22:31:17,Tick price = 3251.02
2025-10-08 22:31:18,Tick price = 3251.36
2025-10-08 22:31:19,Tick price = 3250.0
2025-10-08 22:31:20,Tick price = 3250.07
2025-10-08 22:31:21,Tick price = 3250.52
2025-10-08 22:31:22,Tick price = 3251.49
2025-10-08 22:31:23,Tick price = 3252.2
2025-10-08 22:31:24,Tick price = 3254.19
2025-10-08 22:31:25,Tick price = 3254.75
2025-10-08 22:31:26,Tick price = 3255.72
2025-10-08 22:31:27,Tick price = 3255.65
2025-10-08 22:31:28,Tick price = 3255.07
2025-10-08 22:31:29,Tick price = 3254.3
2025-10-08 22:31:30,Tick price = 3255.88
2025-10-08 22:31:31,Tick price = 3255.08
2025-10-08 22:31:32,Tick price = 3255.74
2025-10-08 22:31:33,Tick price = 3255.34
2025-10-08 22:31:34,Tick price = 3255.59
2025-10-08 22:31:35,Tick price = 3253.81
2025-10-08 22:31:36,Tick price = 3253.55
2025-10-08 22:31:37,Tick price = 3251.95
2025-10-08 22:31:38,Tick price = 3253.74
2025-10-08 22:31:39,Tick price = 3252.42
2025-10-08 22:31:40,Tick price = 3251.08
2025-10-08 22:31:41,Tick price = 3251.62
2025-10-08 22:31:42,Tick price = 3251.13
2025-10-08 22:31:43,Tick price = 3250.68
2025-10-08 22:31:44,Tick price = 3250.93
2025-10-08 22:31:45,Tick price = 3252.48
2025-10-08 22:31:46,Tick price = 3254.39
2025-10-08 22:31:47,Tick price = 3252.73
2025-10-08 22:31:48,Tick price = 3251.87
2025-10-08 22:31:49,Tick price = 3252.56
2025-10-08 22:31:50,Tick price = 3253.97
2025-10-08 22:31:51,Tick price = 3254.34
2025-10-08 22:31:52,Tick price = 3255.77
2025-10-08 22:31:53,Tick price = 3257.25
2025-10-08 22:31:54,Tick price = 3256.94
2025-10-08 22:31:55,Tick price = 3255.52
2025-10-08 22:31:56,Tick price = 3253.77
2025-10-08 22:31:57,Tick price = 3253.28
2025-10-08 22:31:58,Tick price = 3252.02
2025-10-08 22:31:59,Tick price = 3253.95
2025-10-08 22:32:00,Tick price = 3253.51
2025-10-08 22:32:01,Tick price = 3254.36
2025-10-08 22:32:02,Tick price = 3254.85
2025-10-08 22:32:03,Tick price = 3256.19
2025-10-08 22:32:04,Tick price = 3255.49
2025-10-08 22:32:05,Tick price = 3256.42
2025-10-08 22:32:06,Tick price = 3258.2
2025-10-08 22:32:07,Tick price = 3258.57
2025-10-08 22:32:08,Tick price = 3257.94
2025-10-08 22:32:09,Tick price = 3258.4
2025-10-08 22:32:10,Tick price = 3260.12
2025-10-08 22:32:11,Tick price = 3261.75
2025-10-08 22:32:12,Tick price = 3263.18
2025-10-08 22:32:13,Tick price = 3262.44
2025-10-08 22:32:14,Tick price = 3263.92
2025-10-08 22:32:15,Tick price = 3263.97
2025-10-08 22:32:16,Tick price = 3263.91
2025-10-08 22:32:17,Tick price = 3262.25
2025-10-08 22:32:18,Tick price = 3261.49
2025-10-08 22:32:19,Tick price = 3262.08
2025-10-08 22:32:20,Tick price = 3263.52
2025-10-08 22:32:21,Tick price = 3264.12
2025-10-08 22:32:22,Tick price = 3264.69
2025-10-08 22:32:23,Tick price = 3263.4
2025-10-08 22:32:24,Tick price = 3264.36
2025-10-08 22:32:25,Tick price = 3263.35
2025-10-08 22:32:26,Tick price = 3264.99
2025-10-08 22:32:27,Tick price = 3264.89
2025-10-08 22:32:28,Tick price = 3264.63
2025-10-08 22:32:29,Tick price = 3262.64
2025-10-08 22:32:30,Tick price = 3264.54
2025-10-08 22:32:31,Tick price = 3264.17
2025-10-08 22:32:32,Tick price = 3263.9
2025-10-08 22:32:33,Tick price = 3265.23
2025-10-08 22:32:34,Tick price = 3263.76
2025-10-08 22:32:35,Tick price = 3262.46
2025-10-08 22:32:36,Tick price = 3263.27
2025-10-08 22:32:37,Tick price = 3262.64
2025-10-08 22:32:38,Tick price = 3263.3
2025-10-08 22:32:39,Tick price = 3264.04
2025-10-08 22:32:40,Tick price = 3265.96
2025-10-08 22:32:41,Tick price = 3267.57
2025-10-08 22:32:42,Tick price = 3267.77
2025-10-08 22:32:43,Tick price = 3267.03
2025-10-08 22:32:44,Tick price = 3265.34
2025-10-08 22:32:45,Tick price = 3265.97
2025-10-08 22:32:46,Tick price = 3267.96
2025-10-08 22:32:47,Tick price = 3269.8
2025-10-08 22:32:48,Tick price = 3270.86
2025-10-08 22:32:49,Tick price = 3269.36
2025-10-08 22:32:50,Tick price = 3271.04
2025-10-08 22:32:51,Tick price = 3271.85
2025-10-08 22:32:52,Tick price = 3272.7
2025-10-08 22:32:53,Tick price = 3274.3
2025-10-08 22:32:54,Tick price = 3273.6
2025-10-08 22:32:55,Tick price = 3272.32
2025-10-08 22:32:56,Tick price = 3270.94
2025-10-08 22:32:57,Tick price = 3269.26
2025-10-08 22:32:58,Tick price = 3269.73
2025-10-08 22:32:59,Tick price = 3269.5
2025-10-08 22:33:00,Tick price = 3268.27
2025-10-08 22:33:01,Tick price = 3267.19
2025-10-08 22:33:02,Tick price = 3266.5
2025-10-08 22:33:03,Tick price = 3266.1
2025-10-08 22:33:04,Tick price = 3267.35
2025-10-08 22:33:05,Tick price = 3266.75
2025-10-08 22:33:06,Tick price = 3267.72
2025-10-08 22:33:07,Tick price = 3267.09
2025-10-08 22:33:08,Tick price = 3267.96
2025-10-08 22:33:09,Tick price = 3268.09
2025-10-08 22:33:10,Tick price = 3268.07
2025-10-08 22:33:11,Tick price = 3266.62
2025-10-08 22:33:12,Tick price = 3265.47
2025-10-08 22:33:13,Tick price = 3264.36
2025-10-08 22:33:14,Tick price = 3262.53
2025-10-08 22:33:15,Tick price = 3262.05
2025-10-08 22:33:16,Tick price = 3262.55
2025-10-08 22:33:17,Tick price = 3261.37
2025-10-08 22:33:18,Tick price = 3262.84
2025-10-08 22:33:19,Tick price = 3261.05
2025-10-08 22:33:20,Tick price = 3260.19
2025-10-08 22:33:21,Tick price = 3262.05
2025-10-08 22:33:22,Tick price = 3262.77
2025-10-08 22:33:23,Tick price = 3261.05
2025-10-08 22:33:24,Tick price = 3260.02
2025-10-08 22:33:25,Tick price = 3259.74
2025-10-08 22:33:26,Tick price = 3259.38
2025-10-08 22:33:27,Tick price = 3260.09
2025-10-08 22:33:28,Tick price = 3258.56
2025-10-08 22:33:29,Tick price = 3258.22
2025-10-08 22:33:30,Tick price = 3256.4
2025-10-08 22:33:31,Tick price = 3256.51
2025-10-08 22:33:32,Tick price = 3257.47
2025-10-08 22:33:33,Tick price = 3256.09
2025-10-08 22:33:34,Tick price = 3255.56
2025-10-08 22:33:35,Tick price = 3255.49
2025-10-08 22:33:36,Tick price = 3257.05
2025-10-08 22:33:37,Tick price = 3255.5
2025-10-08 22:33:38,Tick price = 3257.36
2025-10-08 22:33:39,Tick price = 3256.33
2025-10-08 22:33:40,Tick price = 3256.18
2025-10-08 22:33:41,Tick price = 3256.63
2025-10-08 22:33:42,Tick price = 3258.55
2025-10-08 22:33:43,Tick price = 3259.04
2025-10-08 22:33:44,Tick price = 3257.2
2025-10-08 22:33:45,Tick price = 3258.31
2025-10-08 22:33:46,Tick price = 3256.75
2025-10-08 22:33:47,Tick price = 3255.41
2025-10-08 22:33:48,Tick price = 3256.61
2025-10-08 22:33:49,Tick price = 3257.23
2025-10-08 22:33:50,Tick price = 3258.66
2025-10-08 22:33:51,Tick price = 3258.88
2025-10-08 22:33:52,Tick price = 3260.5
2025-10-08 22:33:53,Tick price = 3259.56
2025-10-08 22:33:54,Tick price = 3259.42
2025-10-08 22:33:55,Tick price = 3261.3
2025-10-08 22:33:56,Tick price = 3261.33
2025-10-08 22:33:57,Tick price = 3262.25
2025-10-08 22:33:58,Tick price = 3261.99
2025-10-08 22:33:59,Tick price = 3260.32
2025-10-08 22:34:00,Tick price = 3260.77
2025-10-08 22:34:01,Tick price = 3260.08
2025-10-08 22:34:02,Tick price = 3259.63
2025-10-08 22:34:03,Tick price = 3258.45
2025-10-08 22:34:04,Tick price = 3257.59
2025-10-08 22:34:05,Tick price = 3256.21
2025-10-08 22:34:06,Tick price = 3254.87
2025-10-08 22:34:07,Tick price = 3256.43
2025-10-08 22:34:08,Tick price = 3256.87
2025-10-08 22:34:09,Tick price = 3256.35
2025-10-08 22:34:10,Tick price = 3256.64
2025-10-08 22:34:11,Tick price = 3255.69
2025-10-08 22:34:12,Tick price = 3256.43
2025-10-08 22:34:13,Tick price = 3258.19
2025-10-08 22:34:14,Tick price = 3257.85
2025-10-08 22:34:15,Tick price = 3257.16
2025-10-08 22:34:16,Tick price = 3257.54
2025-10-08 22:34:17,Tick price = 3257.27
2025-10-08 22:34:18,Tick price = 3258.23
2025-10-08 22:34:19,Tick price = 3259.99
2025-10-08 22:34:20,Tick price = 3260.54
2025-10-08 22:34:21,Tick price = 3259.65
2025-10-08 22:34:22,Tick price = 3259.44
2025-10-08 22:34:23,Tick price = 3260.79
2025-10-08 22:34:24,Tick price = 3262.5
2025-10-08 22:34:25,Tick price = 3262.8
2025-10-08 22:34:26,Tick price = 3261.25
2025-10-08 22:34:27,Tick price = 3260.61
2025-10-08 22:34:28,Tick price = 3260.47
2025-10-08 22:34:29,Tick price = 3261.47
2025-10-08 22:34:30,Tick price = 3259.73
2025-10-08 22:34:31,Tick price = 3259.08
2025-10-08 22:34:32,Tick price = 3258.39
2025-10-08 22:34:33,Tick price = 3257.75
2025-10-08 22:34:34,Tick price = 3258.34
2025-10-08 22:34:35,Tick price = 3256.5
2025-10-08 22:34:36,Tick price = 3257.48
2025-10-08 22:34:37,Tick price = 3258.51
2025-10-08 22:34:38,Tick price = 3257.58
2025-10-08 22:34:39,Tick price = 3258.1
2025-10-08 22:34:40,Tick price = 3256.98
2025-10-08 22:34:41,Tick price = 3256.51
2025-10-08 22:34:42,Tick price = 3256.16
2025-10-08 22:34:43,Tick price = 3254.22
2025-10-08 22:34:44,Tick price = 3253.29
2025-10-08 22:34:45,Tick price = 3253.52
2025-10-08 22:34:46,Tick price = 3252.44
2025-10-08 22:34:47,Tick price = 3251.68
2025-10-08 22:34:48,Tick price = 3252.73
2025-10-08 22:34:49,Tick price = 3253.89
2025-10-08 22:34:50,Tick price = 3252.04
2025-10-08 22:34:51,Tick price = 3252.09
2025-10-08 22:34:52,Tick price = 3251.38
2025-10-08 22:34:53,Tick price = 3252.08
2025-10-08 22:34:54,Tick price = 3253.27
2025-10-08 22:34:55,Tick price = 3253.45
2025-10-08 22:34:56,Tick price = 3252.58
2025-10-08 22:34:57,Tick price = 3253.09
2025-10-08 22:34:58,Tick price = 3254.36
2025-10-08 22:34:59,Tick price = 3252.99
2025-10-08 22:35:00,Tick price = 3254.65
2025-10-08 22:35:01,Tick price = 3255.09
2025-10-08 22:35:02,Tick price = 3253.3
2025-10-08 22:35:03,Tick price = 3252.6
2025-10-08 22:35:04,Tick price = 3252.76
2025-10-08 22:35:05,Tick price = 3252.92
2025-10-08 22:35:06,Tick price = 3251.18
2025-10-08 22:35:07,Tick price = 3250.13
2025-10-08 22:35:08,Tick price = 3249.54
2025-10-08 22:35:09,Tick price = 3250.74
2025-10-08 22:35:10,Tick price = 3249.76
2025-10-08 22:35:11,Tick price = 3250.01
2025-10-08 22:35:12,Tick price = 3249.61
2025-10-08 22:35:13,Tick price = 3249.2
2025-10-08 22:35:14,Tick price = 3249.86
2025-10-08 22:35:15,Tick price = 3250.85
2025-10-08 22:35:16,Tick price = 3251.56
2025-10-08 22:35:17,Tick price = 3250.68
2025-10-08 22:35:18,Tick price = 3252.01
2025-10-08 22:35:19,Tick price = 3252.98
2025-10-08 22:35:20,Tick price = 3254.3
2025-10-08 22:35:21,Tick price = 3252.5
2025-10-08 22:35:22,Tick price = 3254.14
2025-10-08 22:35:23,Tick price = 3254.33
2025-10-08 22:35:24,Tick price = 3254.64
2025-10-08 22:35:25,Tick price = 3256.62
2025-10-08 22:35:26,Tick price = 3256.64
2025-10-08 22:35:27,Tick price = 3255.99
2025-10-08 22:35:28,Tick price = 3257.92
2025-10-08 22:35:29,Tick price = 3258.83
2025-10-08 22:35:30,Tick price = 3259.32
2025-10-08 22:35:31,Tick price = 3258.47
2025-10-08 22:35:32,Tick price = 3258.06
2025-10-08 22:35:33,Tick price = 3256.36
2025-10-08 22:35:34,Tick price = 3256.17
2025-10-08 22:35:35,Tick price = 3257.31
2025-10-08 22:35:36,Tick price = 3256.52
2025-10-08 22:35:37,Tick price = 3255.96
2025-10-08 22:35:38,Tick price = 3255.88
2025-10-08 22:35:39,Tick price = 3254.88
2025-10-08 22:35:40,Tick price = 3255.85
2025-10-08 22:35:41,Tick price = 3256.24
2025-10-08 22:35:42,Tick price = 3255.99
2025-10-08 22:35:43,Tick price = 3257.83
2025-10-08 22:35:44,Tick price = 3256.85
2025-10-08 22:35:45,Tick price = 3257.82
2025-10-08 22:35:46,Tick price = 3257.5
2025-10-08 22:35:47,Tick price = 3256.41
2025-10-08 22:35:48,Tick price = 3255.41
2025-10-08 22:35:49,Tick price = 3256.68
2025-10-08 22:35:50,Tick price = 3254.96
2025-10-08 22:35:51,Tick price = 3256.53
2025-10-08 22:35:52,Tick price = 3257.83
2025-10-08 22:35:53,Tick price = 3256.35
2025-10-08 22:35:54,Tick price = 3256.2
2025-10-08 22:35:55,Tick price = 3254.41
2025-10-08 22:35:56,Tick price = 3253.63
2025-10-08 22:35:57,Tick price = 3255.16
2025-10-08 22:35:58,Tick price = 3256.4
2025-10-08 22:35:59,Tick price = 3254.92
2025-10-08 22:36:00,Tick price = 3253.72
2025-10-08 22:36:01,Tick price = 3254.61
2025-10-08 22:36:02,Tick price = 3252.74
2025-10-08 22:36:03,Tick price = 3253.99
2025-10-08 22:36:04,Tick price = 3255.29
2025-10-08 22:36:05,Tick price = 3254.22
2025-10-08 22:36:06,Tick price = 3254.15
2025-10-08 22:36:07,Tick price = 3252.97
2025-10-08 22:36:08,Tick price = 3254.54
2025-10-08 22:36:09,Tick price = 3256.13
2025-10-08 22:36:10,Tick price = 3257.46
2025-10-08 22:36:11,Tick price = 3256.9
2025-10-08 22:36:12,Tick price = 3255.23
2025-10-08 22:36:13,Tick price = 3255.38
2025-10-08 22:36:14,Tick price = 3256.21
2025-10-08 22:36:15,Tick price = 3256.6
2025-10-08 22:36:16,Tick price = 3255.43
2025-10-08 22:36:17,Tick price = 3256.05
2025-10-08 22:36:18,Tick price = 3257.28
2025-10-08 22:36:19,Tick price = 3257.34
2025-10-08 22:36:20,Tick price = 3255.7
2025-10-08 22:36:21,Tick price = 3254.33
2025-10-08 22:36:22,Tick price = 3253.78
2025-10-08 22:36:23,Tick price = 3252.23
2025-10-08 22:36:24,Tick price = 3254.05
2025-10-08 22:36:25,Tick price = 3253.2
2025-10-08 22:36:26,Tick price = 3253.07
2025-10-08 22:36:27,Tick price = 3252.66
2025-10-08 22:36:28,Tick price = 3253.98
2025-10-08 22:36:29,Tick price = 3253.44
2025-10-08 22:36:30,Tick price = 3253.66
2025-10-08 22:36:31,Tick price = 3252.94
2025-10-08 22:36:32,Tick price = 3254.42
2025-10-08 22:36:33,Tick price = 3255.29
2025-10-08 22:36:34,Tick price = 3255.81
2025-10-08 22:36:35,Tick price = 3256.17
2025-10-08 22:36:36,Tick price = 3254.42
2025-10-08 22:36:37,Tick price = 3253.73
2025-10-08 22:36:38,Tick price = 3254.21
2025-10-08 22:36:39,Tick price = 3252.69
2025-10-08 22:36:40,Tick price = 3250.84
2025-10-08 22:36:41,Tick price = 3250.84
2025-10-08 22:36:42,Tick price = 3249.75
2025-10-08 22:36:43,Tick price = 3251.13
2025-10-08 22:36:44,Tick price = 3252.89
2025-10-08 22:36:45,Tick price = 3254.01
2025-10-08 22:36:46,Tick price = 3253.77
2025-10-08 22:36:47,Tick price = 3254.42
2025-10-08 22:36:48,Tick price = 3254.02
2025-10-08 22:36:49,Tick price = 3255.96
2025-10-08 22:36:50,Tick price = 3257.79
2025-10-08 22:36:51,Tick price = 3256.15
2025-10-08 22:36:52,Tick price = 3257.16
2025-10-08 22:36:53,Tick price = 3255.86
2025-10-08 22:36:54,Tick price = 3255.9
2025-10-08 22:36:55,Tick price = 3256.08
2025-10-08 22:36:56,Tick price = 3255.86
2025-10-08 22:36:57,Tick price = 3256.57
2025-10-08 22:36:58,Tick price = 3258.01
2025-10-08 22:36:59,Tick price = 3257.49
2025-10-08 22:37:00,Tick price = 3257.2
2025-10-08 22:37:01,Tick price = 3255.78
2025-10-08 22:37:02,Tick price = 3254.08
2025-10-08 22:37:03,Tick price = 3254.13
2025-10-08 22:37:04,Tick price = 3254.31
2025-10-08 22:37:05,Tick price = 3253.3
2025-10-08 22:37:06,Tick price = 3252.29
2025-10-08 22:37:07,Tick price = 3251.02
2025-10-08 22:37:08,Tick price = 3250.68
2025-10-08 22:37:09,Tick price = 3252.09
2025-10-08 22:37:10,Tick price = 3250.12
2025-10-08 22:37:11,Tick price = 3249.1
2025-10-08 22:37:12,Tick price = 3250.57
2025-10-08 22:37:13,Tick price = 3251.18
2025-10-08 22:37:14,Tick price = 3251.84
2025-10-08 22:37:15,Tick price = 3250.21
2025-10-08 22:37:16,Tick price = 3248.27
2025-10-08 22:37:17,Tick price = 3249.04
2025-10-08 22:37:18,Tick price = 3248.3
2025-10-08 22:37:19,Tick price = 3249.88
2025-10-08 22:37:20,Tick price = 3249.97
2025-10-08 22:37:21,Tick price = 3248.97
2025-10-08 22:37:22,Tick price = 3248.82
2025-10-08 22:37:23,Tick price = 3247.11
2025-10-08 22:37:24,Tick price = 3245.86
2025-10-08 22:37:25,Tick price = 3247.0
2025-10-08 22:37:26,Tick price = 3245.55
2025-10-08 22:37:27,Tick price = 3247.32
2025-10-08 22:37:28,Tick price = 3248.55
2025-10-08 22:37:29,Tick price = 3250.01
2025-10-08 22:37:30,Tick price = 3250.44
2025-10-08 22:37:31,Tick price = 3249.1
2025-10-08 22:37:32,Tick price = 3247.77
2025-10-08 22:37:33,Tick price = 3249.36
2025-10-08 22:37:34,Tick price = 3248.89
2025-10-08 22:37:35,Tick price = 3246.99
2025-10-08 22:37:36,Tick price = 3248.03
2025-10-08 22:37:37,Tick price = 3246.6
2025-10-08 22:37:38,Tick price = 3247.93
2025-10-08 22:37:39,Tick price = 3246.97
2025-10-08 22:37:40,Tick price = 3245.98
2025-10-08 22:37:41,Tick price = 3245.25
2025-10-08 22:37:42,Tick price = 3243.56
2025-10-08 22:37:43,Tick price = 3244.46
2025-10-08 22:37:44,Tick price = 3244.7
2025-10-08 22:37:45,Tick price = 3244.64
2025-10-08 22:37:46,Tick price = 3246.0
2025-10-08 22:37:47,Tick price = 3246.48
2025-10-08 22:37:48,Tick price = 3247.6
2025-10-08 22:37:49,Tick price = 3247.45
2025-10-08 22:37:50,Tick price = 3247.59
2025-10-08 22:37:51,Tick price = 3248.12
2025-10-08 22:37:52,Tick price = 3246.78
2025-10-08 22:37:53,Tick price = 3248.43
2025-10-08 22:37:54,Tick price = 3250.39
2025-10-08 22:37:55,Tick price = 3249.02
2025-10-08 22:37:56,Tick price = 3250.6
2025-10-08 22:37:57,Tick price = 3251.68
2025-10-08 22:37:58,Tick price = 3252.93
2025-10-08 22:37:59,Tick price = 3251.32
2025-10-08 22:38:00,Tick price = 3249.85
2025-10-08 22:38:01,Tick price = 3248.24
2025-10-08 22:38:02,Tick price = 3248.2
2025-10-08 22:38:03,Tick price = 3248.18
2025-10-08 22:38:04,Tick price = 3249.54
2025-10-08 22:38:05,Tick price = 3248.46
2025-10-08 22:38:06,Tick price = 3248.82
2025-10-08 22:38:07,Tick price = 3247.07
2025-10-08 22:38:08,Tick price = 3249.04
2025-10-08 22:38:09,Tick price = 3251.01
2025-10-08 22:38:10,Tick price = 3249.01
2025-10-08 22:38:11,Tick price = 3247.31
2025-10-08 22:38:12,Tick price = 3247.27
2025-10-08 22:38:13,Tick price = 3248.78
2025-10-08 22:38:14,Tick price = 3247.1
2025-10-08 22:38:15,Tick price = 3245.51
2025-10-08 22:38:16,Tick price = 3244.08
2025-10-08 22:38:17,Tick price = 3244.83
2025-10-08 22:38:18,Tick price = 3246.73
2025-10-08 22:38:19,Tick price = 3246.91
2025-10-08 22:38:20,Tick price = 3248.4
2025-10-08 22:38:21,Tick price = 3247.44
2025-10-08 22:38:22,Tick price = 3247.24
2025-10-08 22:38:23,Tick price = 3247.41
2025-10-08 22:38:24,Tick price = 3246.17
2025-10-08 22:38:25,Tick price = 3246.93
2025-10-08 22:38:26,Tick price = 3245.77
2025-10-08 22:38:27,Tick price = 3247.39
2025-10-08 22:38:28,Tick price = 3245.63
2025-10-08 22:38:29,Tick price = 3243.89
2025-10-08 22:38:30,Tick price = 3245.35
2025-10-08 22:38:31,Tick price = 3244.5
2025-10-08 22:38:32,Tick price = 3246.45
2025-10-08 22:38:33,Tick price = 3245.7
2025-10-08 22:38:34,Tick price = 3245.05
2025-10-08 22:38:35,Tick price = 3246.35
2025-10-08 22:38:36,Tick price = 3248.23
2025-10-08 22:38:37,Tick price = 3246.57
2025-10-08 22:38:38,Tick price = 3247.56
2025-10-08 22:38:39,Tick price = 3249.12
2025-10-08 22:38:40,Tick price = 3249.88
2025-10-08 22:38:41,Tick price = 3250.08
2025-10-08 22:38:42,Tick price = 3249.32
2025-10-08 22:38:43,Tick price = 3250.18
2025-10-08 22:38:44,Tick price = 3249.24
2025-10-08 22:38:45,Tick price = 3250.73
2025-10-08 22:38:46,Tick price = 3249.61
2025-10-08 22:38:47,Tick price = 3248.03
2025-10-08 22:38:48,Tick price = 3247.02
2025-10-08 22:38:49,Tick price = 3246.31
2025-10-08 22:38:50,Tick price = 3246.68
2025-10-08 22:38:51,Tick price = 3244.71
2025-10-08 22:38:52,Tick price = 3246.25
2025-10-08 22:38:53,Tick price = 3244.99
2025-10-08 22:38:54,Tick price = 3243.07
2025-10-08 22:38:55,Tick price = 3242.12
2025-10-08 22:38:56,Tick price = 3242.22
2025-10-08 22:38:57,Tick price = 3243.88
2025-10-08 22:38:58,Tick price = 3242.88
2025-10-08 22:38:59,Tick price = 3242.6
2025-10-08 22:39:00,Tick price = 3242.42
2025-10-08 22:39:01,Tick price = 3243.88
2025-10-08 22:39:02,Tick price = 3242.61
2025-10-08 22:39:03,Tick price = 3242.36
2025-10-08 22:39:04,Tick price = 3242.43
2025-10-08 22:39:05,Tick price = 3243.71
2025-10-08 22:39:06,Tick price = 3242.13
2025-10-08 22:39:07,Tick price = 3243.61
2025-10-08 22:39:08,Tick price = 3243.84
2025-10-08 22:39:09,Tick price = 3244.06
2025-10-08 22:39:10,Tick price = 3244.22
2025-10-08 22:39:11,Tick price = 3244.62
2025-10-08 22:39:12,Tick price = 3243.11
2025-10-08 22:39:13,Tick price = 3242.72
2025-10-08 22:39:14,Tick price = 3241.79
2025-10-08 22:39:15,Tick price = 3241.42
2025-10-08 22:39:16,Tick price = 3240.04
2025-10-08 22:39:17,Tick price = 3239.91
2025-10-08 22:39:18,Tick price = 3241.18
2025-10-08 22:39:19,Tick price = 3240.0
2025-10-08 22:39:20,Tick price = 3240.71
2025-10-08 22:39:21,Tick price = 3240.16
2025-10-08 22:39:22,Tick price = 3238.24
2025-10-08 22:39:23,Tick price = 3237.11
2025-10-08 22:39:24,Tick price = 3236.81
2025-10-08 22:39:25,Tick price = 3235.22
2025-10-08 22:39:26,Tick price = 3234.94
2025-10-08 22:39:27,Tick price = 3236.57
2025-10-08 22:39:28,Tick price = 3236.84
2025-10-08 22:39:29,Tick price = 3237.79
2025-10-08 22:39:30,Tick price = 3236.99
2025-10-08 22:39:31,Tick price = 3238.17
2025-10-08 22:39:32,Tick price = 3238.7
2025-10-08 22:39:33,Tick price = 3238.13
2025-10-08 22:39:34,Tick price = 3239.33
2025-10-08 22:39:35,Tick price = 3238.31
2025-10-08 22:39:36,Tick price = 3239.72
2025-10-08 22:39:37,Tick price = 3238.22
2025-10-08 22:39:38,Tick price = 3239.77
2025-10-08 22:39:39,Tick price = 3241.39
2025-10-08 22:39:40,Tick price = 3240.51
2025-10-08 22:39:41,Tick price = 3239.2
2025-10-08 22:39:42,Tick price = 3240.49
2025-10-08 22:39:43,Tick price = 3240.47
2025-10-08 22:39:44,Tick price = 3240.93
2025-10-08 22:39:45,Tick price = 3240.25
2025-10-08 22:39:46,Tick price = 3239.28
2025-10-08 22:39:47,Tick price = 3238.42
2025-10-08 22:39:48,Tick price = 3238.21
2025-10-08 22:39:49,Tick price = 3237.38
2025-10-08 22:39:50,Tick price = 3239.17
2025-10-08 22:39:51,Tick price = 3238.89
2025-10-08 22:39:52,Tick price = 3238.85
2025-10-08 22:39:53,Tick price = 3238.34
2025-10-08 22:39:54,Tick price = 3238.78
2025-10-08 22:39:55,Tick price = 3239.18
2025-10-08 22:39:56,Tick price = 3239.83
2025-10-08 22:39:57,Tick price = 3239.69
2025-10-08 22:39:58,Tick price = 3239.7
2025-10-08 22:39:59,Tick price = 3241.25
2025-10-08 22:40:00,Tick price = 3240.61
2025-10-08 22:40:01,Tick price = 3240.97
2025-10-08 22:40:02,Tick price = 3240.98
2025-10-08 22:40:03,Tick price = 3241.13
2025-10-08 22:40:04,Tick price = 3239.71
2025-10-08 22:40:05,Tick price = 3240.36
2025-10-08 22:40:06,Tick price = 3240.74
2025-10-08 22:40:07,Tick price = 3239.32
2025-10-08 22:40:08,Tick price = 3238.65
2025-10-08 22:40:09,Tick price = 3239.39
2025-10-08 22:40:10,Tick price = 3238.34
2025-10-08 22:40:11,Tick price = 3238.93
2025-10-08 22:40:12,Tick price = 3238.92
2025-10-08 22:40:13,Tick price = 3237.87
2025-10-08 22:40:14,Tick price = 3236.43
2025-10-08 22:40:15,Tick price = 3235.69
2025-10-08 22:40:16,Tick price = 3236.04
2025-10-08 22:40:17,Tick price = 3236.23
2025-10-08 22:40:18,Tick price = 3234.66
2025-10-08 22:40:19,Tick price = 3236.39
2025-10-08 22:40:20,Tick price = 3237.2
2025-10-08 22:40:21,Tick price = 3237.91
2025-10-08 22:40:22,Tick price = 3235.99
2025-10-08 22:40:23,Tick price = 3236.84
2025-10-08 22:40:24,Tick price = 3238.65
2025-10-08 22:40:25,Tick price = 3239.03
2025-10-08 22:40:26,Tick price = 3239.23
2025-10-08 22:40:27,Tick price = 3238.37
2025-10-08 22:40:28,Tick price = 3239.48
2025-10-08 22:40:29,Tick price = 3238.34
2025-10-08 22:40:30,Tick price = 3240.22
2025-10-08 22:40:31,Tick price = 3240.87
2025-10-08 22:40:32,Tick price = 3239.02
2025-10-08 22:40:33,Tick price = 3239.05
2025-10-08 22:40:34,Tick price = 3240.56
2025-10-08 22:40:35,Tick price = 3240.99
2025-10-08 22:40:36,Tick price = 3241.49
2025-10-08 22:40:37,Tick price = 3240.03
2025-10-08 22:40:38,Tick price = 3241.22
2025-10-08 22:40:39,Tick price = 3242.04
2025-10-08 22:40:40,Tick price = 3240.94
2025-10-08 22:40:41,Tick price = 3239.13
2025-10-08 22:40:42,Tick price = 3237.97
2025-10-08 22:40:43,Tick price = 3236.47
2025-10-08 22:40:44,Tick price = 3237.99
2025-10-08 22:40:45,Tick price = 3237.59
2025-10-08 22:40:46,Tick price = 3236.99
2025-10-08 22:40:47,Tick price = 3238.56
2025-10-08 22:40:48,Tick price = 3237.86
2025-10-08 22:40:49,Tick price = 3238.52
2025-10-08 22:40:50,Tick price = 3237.29
2025-10-08 22:40:51,Tick price = 3235.56
2025-10-08 22:40:52,Tick price = 3236.74
2025-10-08 22:40:53,Tick price = 3235.92
2025-10-08 22:40:54,Tick price = 3236.5
2025-10-08 22:40:55,Tick price = 3236.56
2025-10-08 22:40:56,Tick price = 3238.46
2025-10-08 22:40:57,Tick price = 3236.81
2025-10-08 22:40:58,Tick price = 3236.65
2025-10-08 22:40:59,Tick price = 3237.74
2025-10-08 22:41:00,Tick price = 3237.42
2025-10-08 22:41:01,Tick price = 3235.89
2025-10-08 22:41:02,Tick price = 3234.75
2025-10-08 22:41:03,Tick price = 3235.6
2025-10-08 22:41:04,Tick price = 3235.24
2025-10-08 22:41:05,Tick price = 3234.01
2025-10-08 22:41:06,Tick price = 3232.85
2025-10-08 22:41:07,Tick price = 3233.81
2025-10-08 22:41:08,Tick price = 3232.32
2025-10-08 22:41:09,Tick price = 3232.6
2025-10-08 22:41:10,Tick price = 3234.27
2025-10-08 22:41:11,Tick price = 3234.82
